producto,etiqueta,entrega_ini,entrega_fin,precio,peso
GMAES,Mes M+1 (Nov26-Nov26),2026-11-01,2026-11-30,73.51,1
GMES_M+2,Mes M+2 (Dec26-Dec26),2026-12-01,2026-12-31,72.92,1
GMES_M+3,Mes M+3 (Jan27-Jan27),2027-01-01,2027-01-31,72.30,0
GQES_Q+1,Trimestre Q+1 (Jan27-Mar27),2027-01-01,2027-03-31,72.05,3
GQES_Q+2,Trimestre Q+2 (Apr27-Jun27),2027-04-01,2027-06-30,57.17,3
GQES_Q+3,Trimestre Q+3 (Jul27-Sep27),2027-07-01,2027-09-30,53.70,3
GQES_Q+4,Trimestre Q+4 (Oct27-Dec27),2027-10-01,2027-12-31,52.60,1
GSES_S,Verano (abr-sep) (Apr27-Sep27),2027-04-01,2027-09-30,55.43,0
GSES_W,Invierno (oct-mar) (Oct27-Mar28),2027-10-01,2028-03-31,51.32,0
GYES_Y+1,Año Y+1 (Jan27-Dec27),2027-01-01,2027-12-31,58.85,0
GYES_Y+2,Año Y+2 (Jan28-Dec28),2028-01-01,2028-12-31,39.06,0
