Fecha Emisión :01/09/2026 - 23:07;
Trading day;Product;Place of delivery;Area;First Day Delivery;Last Day Delivery;"MIBGAS Daily Price [EUR/MWh]";
01/09/2026;GDAES_D+1;PVB;ES;02/09/2026;02/09/2026;72.48;
01/09/2026;GMAES;PVB;ES;01/10/2026;31/10/2026;71.13;
01/09/2026;GQES_Q+1;PVB;ES;01/10/2026;31/12/2026;70.98;
01/09/2026;GYES_Y+1;PVB;ES;01/01/2027;31/12/2027;51.6;
31/08/2026;GDAES_D+1;PVB;ES;01/09/2026;01/09/2026;70.27;
31/08/2026;GMAES;PVB;ES;01/09/2026;30/09/2026;69.7;
31/08/2026;GQES_Q+1;PVB;ES;01/10/2026;31/12/2026;68.88;
31/08/2026;GYES_Y+1;PVB;ES;01/01/2027;31/12/2027;50.38;
30/08/2026;GDAES_D+1;PVB;ES;31/08/2026;31/08/2026;67.11;
29/08/2026;GDAES_D+1;PVB;ES;30/08/2026;30/08/2026;66.7;
28/08/2026;GDAES_D+1;PVB;ES;29/08/2026;29/08/2026;66.67;
28/08/2026;GMAES;PVB;ES;01/09/2026;30/09/2026;66.9;
28/08/2026;GQES_Q+1;PVB;ES;01/10/2026;31/12/2026;65.48;
28/08/2026;GYES_Y+1;PVB;ES;01/01/2027;31/12/2027;47.83;
27/08/2026;GDAES_D+1;PVB;ES;28/08/2026;28/08/2026;68.38;
27/08/2026;GMAES;PVB;ES;01/09/2026;30/09/2026;67.5;
27/08/2026;GQES_Q+1;PVB;ES;01/10/2026;31/12/2026;66.9;
27/08/2026;GYES_Y+1;PVB;ES;01/01/2027;31/12/2027;48.18;
26/08/2026;GDAES_D+1;PVB;ES;27/08/2026;27/08/2026;65.86;
26/08/2026;GMAES;PVB;ES;01/09/2026;30/09/2026;65.53;
26/08/2026;GQES_Q+1;PVB;ES;01/10/2026;31/12/2026;65;
26/08/2026;GYES_Y+1;PVB;ES;01/01/2027;31/12/2027;47.44;
25/08/2026;GDAES_D+1;PVB;ES;26/08/2026;26/08/2026;66.1;
25/08/2026;GMAES;PVB;ES;01/09/2026;30/09/2026;65.78;
25/08/2026;GQES_Q+1;PVB;ES;01/10/2026;31/12/2026;65.33;
25/08/2026;GYES_Y+1;PVB;ES;01/01/2027;31/12/2027;47.03;
24/08/2026;GDAES_D+1;PVB;ES;25/08/2026;25/08/2026;67.97;
24/08/2026;GMAES;PVB;ES;01/09/2026;30/09/2026;67.66;
24/08/2026;GQES_Q+1;PVB;ES;01/10/2026;31/12/2026;66.88;
24/08/2026;GYES_Y+1;PVB;ES;01/01/2027;31/12/2027;47.83;
23/08/2026;GDAES_D+1;PVB;ES;24/08/2026;24/08/2026;66.22;
22/08/2026;GDAES_D+1;PVB;ES;23/08/2026;23/08/2026;66.68;
21/08/2026;GDAES_D+1;PVB;ES;22/08/2026;22/08/2026;66.31;
21/08/2026;GMAES;PVB;ES;01/09/2026;30/09/2026;65.63;
21/08/2026;GQES_Q+1;PVB;ES;01/10/2026;31/12/2026;65.87;
21/08/2026;GYES_Y+1;PVB;ES;01/01/2027;31/12/2027;47.95;
20/08/2026;GDAES_D+1;PVB;ES;21/08/2026;21/08/2026;65.61;
20/08/2026;GMAES;PVB;ES;01/09/2026;30/09/2026;65.08;
20/08/2026;GQES_Q+1;PVB;ES;01/10/2026;31/12/2026;64.23;
20/08/2026;GYES_Y+1;PVB;ES;01/01/2027;31/12/2027;46.43;
19/08/2026;GDAES_D+1;PVB;ES;20/08/2026;20/08/2026;63.47;
19/08/2026;GMAES;PVB;ES;01/09/2026;30/09/2026;63.1;
19/08/2026;GQES_Q+1;PVB;ES;01/10/2026;31/12/2026;62.33;
19/08/2026;GYES_Y+1;PVB;ES;01/01/2027;31/12/2027;44.88;
18/08/2026;GDAES_D+1;PVB;ES;19/08/2026;19/08/2026;63.61;
18/08/2026;GMAES;PVB;ES;01/09/2026;30/09/2026;63.48;
18/08/2026;GQES_Q+1;PVB;ES;01/10/2026;31/12/2026;62.73;
18/08/2026;GYES_Y+1;PVB;ES;01/01/2027;31/12/2027;44.63;
17/08/2026;GDAES_D+1;PVB;ES;18/08/2026;18/08/2026;61.77;
17/08/2026;GMAES;PVB;ES;01/09/2026;30/09/2026;62.08;
17/08/2026;GQES_Q+1;PVB;ES;01/10/2026;31/12/2026;60.5;
17/08/2026;GYES_Y+1;PVB;ES;01/01/2027;31/12/2027;43.23;
16/08/2026;GDAES_D+1;PVB;ES;17/08/2026;17/08/2026;63.46;
15/08/2026;GDAES_D+1;PVB;ES;16/08/2026;16/08/2026;62.41;
14/08/2026;GDAES_D+1;PVB;ES;15/08/2026;15/08/2026;60.81;
14/08/2026;GMAES;PVB;ES;01/09/2026;30/09/2026;60.43;
14/08/2026;GQES_Q+1;PVB;ES;01/10/2026;31/12/2026;60.05;
14/08/2026;GYES_Y+1;PVB;ES;01/01/2027;31/12/2027;42.73;
13/08/2026;GDAES_D+1;PVB;ES;14/08/2026;14/08/2026;60.77;
13/08/2026;GMAES;PVB;ES;01/09/2026;30/09/2026;60.73;
13/08/2026;GQES_Q+1;PVB;ES;01/10/2026;31/12/2026;59.93;
13/08/2026;GYES_Y+1;PVB;ES;01/01/2027;31/12/2027;42.88;
12/08/2026;GDAES_D+1;PVB;ES;13/08/2026;13/08/2026;60.45;
12/08/2026;GMAES;PVB;ES;01/09/2026;30/09/2026;60.38;
12/08/2026;GQES_Q+1;PVB;ES;01/10/2026;31/12/2026;59.58;
12/08/2026;GYES_Y+1;PVB;ES;01/01/2027;31/12/2027;42.43;
11/08/2026;GDAES_D+1;PVB;ES;12/08/2026;12/08/2026;59.05;
11/08/2026;GMAES;PVB;ES;01/09/2026;30/09/2026;58.93;
11/08/2026;GQES_Q+1;PVB;ES;01/10/2026;31/12/2026;58.13;
11/08/2026;GYES_Y+1;PVB;ES;01/01/2027;31/12/2027;41.43;
10/08/2026;GDAES_D+1;PVB;ES;11/08/2026;11/08/2026;60.44;
10/08/2026;GMAES;PVB;ES;01/09/2026;30/09/2026;60.73;
10/08/2026;GQES_Q+1;PVB;ES;01/10/2026;31/12/2026;59.88;
10/08/2026;GYES_Y+1;PVB;ES;01/01/2027;31/12/2027;42.78;
09/08/2026;GDAES_D+1;PVB;ES;10/08/2026;10/08/2026;56.62;
08/08/2026;GDAES_D+1;PVB;ES;09/08/2026;09/08/2026;55.95;
07/08/2026;GDAES_D+1;PVB;ES;08/08/2026;08/08/2026;54.9;
07/08/2026;GMAES;PVB;ES;01/09/2026;30/09/2026;54.95;
07/08/2026;GQES_Q+1;PVB;ES;01/10/2026;31/12/2026;54.1;
07/08/2026;GYES_Y+1;PVB;ES;01/01/2027;31/12/2027;39.75;
06/08/2026;GDAES_D+1;PVB;ES;07/08/2026;07/08/2026;55.84;
06/08/2026;GMAES;PVB;ES;01/09/2026;30/09/2026;55.8;
06/08/2026;GQES_Q+1;PVB;ES;01/10/2026;31/12/2026;55.08;
06/08/2026;GYES_Y+1;PVB;ES;01/01/2027;31/12/2027;39.93;
05/08/2026;GDAES_D+1;PVB;ES;06/08/2026;06/08/2026;52.41;
05/08/2026;GMAES;PVB;ES;01/09/2026;30/09/2026;51.93;
05/08/2026;GQES_Q+1;PVB;ES;01/10/2026;31/12/2026;51.03;
05/08/2026;GYES_Y+1;PVB;ES;01/01/2027;31/12/2027;37.88;
04/08/2026;GDAES_D+1;PVB;ES;05/08/2026;05/08/2026;56.1;
04/08/2026;GMAES;PVB;ES;01/09/2026;30/09/2026;55.55;
04/08/2026;GQES_Q+1;PVB;ES;01/10/2026;31/12/2026;54.6;
04/08/2026;GYES_Y+1;PVB;ES;01/01/2027;31/12/2027;39.45;
03/08/2026;GDAES_D+1;PVB;ES;04/08/2026;04/08/2026;57.82;
03/08/2026;GMAES;PVB;ES;01/09/2026;30/09/2026;57.67;
03/08/2026;GQES_Q+1;PVB;ES;01/10/2026;31/12/2026;56.78;
03/08/2026;GYES_Y+1;PVB;ES;01/01/2027;31/12/2027;40.05;
02/08/2026;GDAES_D+1;PVB;ES;03/08/2026;03/08/2026;58.66;
01/08/2026;GDAES_D+1;PVB;ES;02/08/2026;02/08/2026;60.75;
31/07/2026;GDAES_D+1;PVB;ES;01/08/2026;01/08/2026;59.16;
31/07/2026;GMAES;PVB;ES;01/08/2026;31/08/2026;60;
31/07/2026;GQES_Q+1;PVB;ES;01/10/2026;31/12/2026;57.83;
31/07/2026;GYES_Y+1;PVB;ES;01/01/2027;31/12/2027;41.56;
30/07/2026;GDAES_D+1;PVB;ES;31/07/2026;31/07/2026;59.33;
30/07/2026;GMAES;PVB;ES;01/08/2026;31/08/2026;59.33;
30/07/2026;GQES_Q+1;PVB;ES;01/10/2026;31/12/2026;57.49;
30/07/2026;GYES_Y+1;PVB;ES;01/01/2027;31/12/2027;41.45;
29/07/2026;GDAES_D+1;PVB;ES;30/07/2026;30/07/2026;61.4;
29/07/2026;GMAES;PVB;ES;01/08/2026;31/08/2026;60.98;
29/07/2026;GQES_Q+1;PVB;ES;01/10/2026;31/12/2026;58.25;
29/07/2026;GYES_Y+1;PVB;ES;01/01/2027;31/12/2027;41.78;
28/07/2026;GDAES_D+1;PVB;ES;29/07/2026;29/07/2026;58.01;
28/07/2026;GMAES;PVB;ES;01/08/2026;31/08/2026;57.13;
28/07/2026;GQES_Q+1;PVB;ES;01/10/2026;31/12/2026;55.72;
28/07/2026;GYES_Y+1;PVB;ES;01/01/2027;31/12/2027;40.13;
27/07/2026;GDAES_D+1;PVB;ES;28/07/2026;28/07/2026;59.9;
27/07/2026;GMAES;PVB;ES;01/08/2026;31/08/2026;58.75;
27/07/2026;GQES_Q+1;PVB;ES;01/10/2026;31/12/2026;57.11;
27/07/2026;GYES_Y+1;PVB;ES;01/01/2027;31/12/2027;42.06;
26/07/2026;GDAES_D+1;PVB;ES;27/07/2026;27/07/2026;62.46;
25/07/2026;GDAES_D+1;PVB;ES;26/07/2026;26/07/2026;64.85;
24/07/2026;GDAES_D+1;PVB;ES;25/07/2026;25/07/2026;64.79;
24/07/2026;GMAES;PVB;ES;01/08/2026;31/08/2026;63.72;
24/07/2026;GQES_Q+1;PVB;ES;01/10/2026;31/12/2026;61.48;
24/07/2026;GYES_Y+1;PVB;ES;01/01/2027;31/12/2027;44.53;
23/07/2026;GDAES_D+1;PVB;ES;24/07/2026;24/07/2026;64.58;
23/07/2026;GMAES;PVB;ES;01/08/2026;31/08/2026;62.38;
23/07/2026;GQES_Q+1;PVB;ES;01/10/2026;31/12/2026;60.58;
23/07/2026;GYES_Y+1;PVB;ES;01/01/2027;31/12/2027;43.63;
22/07/2026;GDAES_D+1;PVB;ES;23/07/2026;23/07/2026;65.02;
22/07/2026;GMAES;PVB;ES;01/08/2026;31/08/2026;63.33;
22/07/2026;GQES_Q+1;PVB;ES;01/10/2026;31/12/2026;61.38;
22/07/2026;GYES_Y+1;PVB;ES;01/01/2027;31/12/2027;43.48;
21/07/2026;GDAES_D+1;PVB;ES;22/07/2026;22/07/2026;62.24;
21/07/2026;GMAES;PVB;ES;01/08/2026;31/08/2026;59.9;
21/07/2026;GQES_Q+1;PVB;ES;01/10/2026;31/12/2026;58.47;
21/07/2026;GYES_Y+1;PVB;ES;01/01/2027;31/12/2027;41.8;
20/07/2026;GDAES_D+1;PVB;ES;21/07/2026;21/07/2026;61.06;
20/07/2026;GMAES;PVB;ES;01/08/2026;31/08/2026;59.18;
20/07/2026;GQES_Q+1;PVB;ES;01/10/2026;31/12/2026;57.18;
20/07/2026;GYES_Y+1;PVB;ES;01/01/2027;31/12/2027;41.18;
19/07/2026;GDAES_D+1;PVB;ES;20/07/2026;20/07/2026;61.71;
18/07/2026;GDAES_D+1;PVB;ES;19/07/2026;19/07/2026;61.33;
17/07/2026;GDAES_D+1;PVB;ES;18/07/2026;18/07/2026;59.39;
17/07/2026;GMAES;PVB;ES;01/08/2026;31/08/2026;58.08;
17/07/2026;GQES_Q+1;PVB;ES;01/10/2026;31/12/2026;56.13;
17/07/2026;GYES_Y+1;PVB;ES;01/01/2027;31/12/2027;41.33;
16/07/2026;GDAES_D+1;PVB;ES;17/07/2026;17/07/2026;57.73;
16/07/2026;GMAES;PVB;ES;01/08/2026;31/08/2026;55.3;
16/07/2026;GQES_Q+1;PVB;ES;01/10/2026;31/12/2026;53.84;
16/07/2026;GYES_Y+1;PVB;ES;01/01/2027;31/12/2027;40.6;
15/07/2026;GDAES_D+1;PVB;ES;16/07/2026;16/07/2026;57.33;
15/07/2026;GMAES;PVB;ES;01/08/2026;31/08/2026;54.85;
15/07/2026;GQES_Q+1;PVB;ES;01/10/2026;31/12/2026;53.48;
15/07/2026;GYES_Y+1;PVB;ES;01/01/2027;31/12/2027;41.03;
14/07/2026;GDAES_D+1;PVB;ES;15/07/2026;15/07/2026;55.98;
14/07/2026;GMAES;PVB;ES;01/08/2026;31/08/2026;53.38;
14/07/2026;GQES_Q+1;PVB;ES;01/10/2026;31/12/2026;51.85;
14/07/2026;GYES_Y+1;PVB;ES;01/01/2027;31/12/2027;39.9;
13/07/2026;GDAES_D+1;PVB;ES;14/07/2026;14/07/2026;53.08;
13/07/2026;GMAES;PVB;ES;01/08/2026;31/08/2026;51.65;
13/07/2026;GQES_Q+1;PVB;ES;01/10/2026;31/12/2026;50;
13/07/2026;GYES_Y+1;PVB;ES;01/01/2027;31/12/2027;38.58;
12/07/2026;GDAES_D+1;PVB;ES;13/07/2026;13/07/2026;51.38;
11/07/2026;GDAES_D+1;PVB;ES;12/07/2026;12/07/2026;50.15;
10/07/2026;GDAES_D+1;PVB;ES;11/07/2026;11/07/2026;48.89;
10/07/2026;GMAES;PVB;ES;01/08/2026;31/08/2026;48.65;
10/07/2026;GQES_Q+1;PVB;ES;01/10/2026;31/12/2026;47.33;
10/07/2026;GYES_Y+1;PVB;ES;01/01/2027;31/12/2027;36.88;
09/07/2026;GDAES_D+1;PVB;ES;10/07/2026;10/07/2026;51.41;
09/07/2026;GMAES;PVB;ES;01/08/2026;31/08/2026;50.4;
09/07/2026;GQES_Q+1;PVB;ES;01/10/2026;31/12/2026;48.68;
09/07/2026;GYES_Y+1;PVB;ES;01/01/2027;31/12/2027;37.3;
08/07/2026;GDAES_D+1;PVB;ES;09/07/2026;09/07/2026;50.38;
08/07/2026;GMAES;PVB;ES;01/08/2026;31/08/2026;49.08;
08/07/2026;GQES_Q+1;PVB;ES;01/10/2026;31/12/2026;47.68;
08/07/2026;GYES_Y+1;PVB;ES;01/01/2027;31/12/2027;36.7;
07/07/2026;GDAES_D+1;PVB;ES;08/07/2026;08/07/2026;48.5;
07/07/2026;GMAES;PVB;ES;01/08/2026;31/08/2026;46.72;
07/07/2026;GQES_Q+1;PVB;ES;01/10/2026;31/12/2026;45.77;
07/07/2026;GYES_Y+1;PVB;ES;01/01/2027;31/12/2027;35.39;
06/07/2026;GDAES_D+1;PVB;ES;07/07/2026;07/07/2026;45.16;
06/07/2026;GMAES;PVB;ES;01/08/2026;31/08/2026;44.15;
06/07/2026;GQES_Q+1;PVB;ES;01/10/2026;31/12/2026;43.25;
06/07/2026;GYES_Y+1;PVB;ES;01/01/2027;31/12/2027;34.13;
05/07/2026;GDAES_D+1;PVB;ES;06/07/2026;06/07/2026;46;
04/07/2026;GDAES_D+1;PVB;ES;05/07/2026;05/07/2026;46.46;
03/07/2026;GDAES_D+1;PVB;ES;04/07/2026;04/07/2026;45.53;
03/07/2026;GMAES;PVB;ES;01/08/2026;31/08/2026;44.98;
03/07/2026;GQES_Q+1;PVB;ES;01/10/2026;31/12/2026;43.65;
03/07/2026;GYES_Y+1;PVB;ES;01/01/2027;31/12/2027;34.53;
02/07/2026;GDAES_D+1;PVB;ES;03/07/2026;03/07/2026;44.91;
02/07/2026;GMAES;PVB;ES;01/08/2026;31/08/2026;44.33;
02/07/2026;GQES_Q+1;PVB;ES;01/10/2026;31/12/2026;43.15;
02/07/2026;GYES_Y+1;PVB;ES;01/01/2027;31/12/2027;34.2;
01/07/2026;GDAES_D+1;PVB;ES;02/07/2026;02/07/2026;43.21;
01/07/2026;GMAES;PVB;ES;01/08/2026;31/08/2026;42.78;
01/07/2026;GQES_Q+1;PVB;ES;01/10/2026;31/12/2026;42;
01/07/2026;GYES_Y+1;PVB;ES;01/01/2027;31/12/2027;33.95;
30/06/2026;GDAES_D+1;PVB;ES;01/07/2026;01/07/2026;43.67;
30/06/2026;GMAES;PVB;ES;01/07/2026;31/07/2026;43.83;
30/06/2026;GYES_Y+1;PVB;ES;01/01/2027;31/12/2027;34.72;
29/06/2026;GDAES_D+1;PVB;ES;30/06/2026;30/06/2026;42.41;
29/06/2026;GMAES;PVB;ES;01/07/2026;31/07/2026;42.48;
29/06/2026;GQES_Q+1;PVB;ES;01/07/2026;30/09/2026;42.56;
29/06/2026;GYES_Y+1;PVB;ES;01/01/2027;31/12/2027;33.5;
28/06/2026;GDAES_D+1;PVB;ES;29/06/2026;29/06/2026;44.03;
27/06/2026;GDAES_D+1;PVB;ES;28/06/2026;28/06/2026;42.37;
26/06/2026;GDAES_D+1;PVB;ES;27/06/2026;27/06/2026;40.7;
26/06/2026;GMAES;PVB;ES;01/07/2026;31/07/2026;40.73;
26/06/2026;GQES_Q+1;PVB;ES;01/07/2026;30/09/2026;40.69;
26/06/2026;GYES_Y+1;PVB;ES;01/01/2027;31/12/2027;33.03;
25/06/2026;GDAES_D+1;PVB;ES;26/06/2026;26/06/2026;41.07;
25/06/2026;GMAES;PVB;ES;01/07/2026;31/07/2026;40.58;
25/06/2026;GQES_Q+1;PVB;ES;01/07/2026;30/09/2026;40.52;
25/06/2026;GYES_Y+1;PVB;ES;01/01/2027;31/12/2027;33.18;
24/06/2026;GDAES_D+1;PVB;ES;25/06/2026;25/06/2026;41.4;
24/06/2026;GMAES;PVB;ES;01/07/2026;31/07/2026;40.8;
24/06/2026;GQES_Q+1;PVB;ES;01/07/2026;30/09/2026;40.78;
24/06/2026;GYES_Y+1;PVB;ES;01/01/2027;31/12/2027;33.38;
23/06/2026;GDAES_D+1;PVB;ES;24/06/2026;24/06/2026;42.53;
23/06/2026;GMAES;PVB;ES;01/07/2026;31/07/2026;41.88;
23/06/2026;GQES_Q+1;PVB;ES;01/07/2026;30/09/2026;41.73;
23/06/2026;GYES_Y+1;PVB;ES;01/01/2027;31/12/2027;34.13;
22/06/2026;GDAES_D+1;PVB;ES;23/06/2026;23/06/2026;42.55;
22/06/2026;GMAES;PVB;ES;01/07/2026;31/07/2026;41.99;
22/06/2026;GQES_Q+1;PVB;ES;01/07/2026;30/09/2026;41.98;
22/06/2026;GYES_Y+1;PVB;ES;01/01/2027;31/12/2027;34.23;
21/06/2026;GDAES_D+1;PVB;ES;22/06/2026;22/06/2026;45.34;
20/06/2026;GDAES_D+1;PVB;ES;21/06/2026;21/06/2026;42.47;
19/06/2026;GDAES_D+1;PVB;ES;20/06/2026;20/06/2026;42.39;
19/06/2026;GMAES;PVB;ES;01/07/2026;31/07/2026;42.2;
19/06/2026;GQES_Q+1;PVB;ES;01/07/2026;30/09/2026;42.32;
19/06/2026;GYES_Y+1;PVB;ES;01/01/2027;31/12/2027;34.18;
18/06/2026;GDAES_D+1;PVB;ES;19/06/2026;19/06/2026;41.2;
18/06/2026;GMAES;PVB;ES;01/07/2026;31/07/2026;40.8;
18/06/2026;GQES_Q+1;PVB;ES;01/07/2026;30/09/2026;40.82;
18/06/2026;GYES_Y+1;PVB;ES;01/01/2027;31/12/2027;33.45;
17/06/2026;GDAES_D+1;PVB;ES;18/06/2026;18/06/2026;41.9;
17/06/2026;GMAES;PVB;ES;01/07/2026;31/07/2026;41.33;
17/06/2026;GQES_Q+1;PVB;ES;01/07/2026;30/09/2026;41.59;
17/06/2026;GYES_Y+1;PVB;ES;01/01/2027;31/12/2027;33.78;
16/06/2026;GDAES_D+1;PVB;ES;17/06/2026;17/06/2026;42.51;
16/06/2026;GMAES;PVB;ES;01/07/2026;31/07/2026;41.9;
16/06/2026;GQES_Q+1;PVB;ES;01/07/2026;30/09/2026;42.03;
16/06/2026;GYES_Y+1;PVB;ES;01/01/2027;31/12/2027;34.08;
15/06/2026;GDAES_D+1;PVB;ES;16/06/2026;16/06/2026;42.71;
15/06/2026;GMAES;PVB;ES;01/07/2026;31/07/2026;42.27;
15/06/2026;GQES_Q+1;PVB;ES;01/07/2026;30/09/2026;42.46;
15/06/2026;GYES_Y+1;PVB;ES;01/01/2027;31/12/2027;34.03;
14/06/2026;GDAES_D+1;PVB;ES;15/06/2026;15/06/2026;46.65;
13/06/2026;GDAES_D+1;PVB;ES;14/06/2026;14/06/2026;45.63;
12/06/2026;GDAES_D+1;PVB;ES;13/06/2026;13/06/2026;46.04;
12/06/2026;GMAES;PVB;ES;01/07/2026;31/07/2026;46.61;
12/06/2026;GQES_Q+1;PVB;ES;01/07/2026;30/09/2026;46.85;
12/06/2026;GYES_Y+1;PVB;ES;01/01/2027;31/12/2027;36.85;
11/06/2026;GDAES_D+1;PVB;ES;12/06/2026;12/06/2026;49.4;
11/06/2026;GMAES;PVB;ES;01/07/2026;31/07/2026;49.71;
11/06/2026;GQES_Q+1;PVB;ES;01/07/2026;30/09/2026;49.84;
11/06/2026;GYES_Y+1;PVB;ES;01/01/2027;31/12/2027;37.48;
10/06/2026;GDAES_D+1;PVB;ES;11/06/2026;11/06/2026;48.8;
10/06/2026;GMAES;PVB;ES;01/07/2026;31/07/2026;49.88;
10/06/2026;GQES_Q+1;PVB;ES;01/07/2026;30/09/2026;49.88;
10/06/2026;GYES_Y+1;PVB;ES;01/01/2027;31/12/2027;37.33;
09/06/2026;GDAES_D+1;PVB;ES;10/06/2026;10/06/2026;47.86;
09/06/2026;GMAES;PVB;ES;01/07/2026;31/07/2026;48.53;
09/06/2026;GQES_Q+1;PVB;ES;01/07/2026;30/09/2026;48.68;
09/06/2026;GYES_Y+1;PVB;ES;01/01/2027;31/12/2027;36.58;
08/06/2026;GDAES_D+1;PVB;ES;09/06/2026;09/06/2026;49.28;
08/06/2026;GMAES;PVB;ES;01/07/2026;31/07/2026;49.79;
08/06/2026;GQES_Q+1;PVB;ES;01/07/2026;30/09/2026;50.03;
08/06/2026;GYES_Y+1;PVB;ES;01/01/2027;31/12/2027;37.18;
07/06/2026;GDAES_D+1;PVB;ES;08/06/2026;08/06/2026;48.97;
06/06/2026;GDAES_D+1;PVB;ES;07/06/2026;07/06/2026;47.76;
05/06/2026;GDAES_D+1;PVB;ES;06/06/2026;06/06/2026;48.11;
05/06/2026;GMAES;PVB;ES;01/07/2026;31/07/2026;48.18;
05/06/2026;GQES_Q+1;PVB;ES;01/07/2026;30/09/2026;48.71;
05/06/2026;GYES_Y+1;PVB;ES;01/01/2027;31/12/2027;37.48;
04/06/2026;GDAES_D+1;PVB;ES;05/06/2026;05/06/2026;48.18;
04/06/2026;GMAES;PVB;ES;01/07/2026;31/07/2026;48.81;
04/06/2026;GQES_Q+1;PVB;ES;01/07/2026;30/09/2026;48.78;
04/06/2026;GYES_Y+1;PVB;ES;01/01/2027;31/12/2027;36.48;
03/06/2026;GDAES_D+1;PVB;ES;04/06/2026;04/06/2026;48.34;
03/06/2026;GMAES;PVB;ES;01/07/2026;31/07/2026;48.84;
03/06/2026;GQES_Q+1;PVB;ES;01/07/2026;30/09/2026;48.97;
03/06/2026;GYES_Y+1;PVB;ES;01/01/2027;31/12/2027;36.63;
02/06/2026;GDAES_D+1;PVB;ES;03/06/2026;03/06/2026;47.79;
02/06/2026;GMAES;PVB;ES;01/07/2026;31/07/2026;47.33;
02/06/2026;GQES_Q+1;PVB;ES;01/07/2026;30/09/2026;47.48;
02/06/2026;GYES_Y+1;PVB;ES;01/01/2027;31/12/2027;36.13;
01/06/2026;GDAES_D+1;PVB;ES;02/06/2026;02/06/2026;48.75;
01/06/2026;GMAES;PVB;ES;01/07/2026;31/07/2026;48.93;
01/06/2026;GQES_Q+1;PVB;ES;01/07/2026;30/09/2026;48.68;
01/06/2026;GYES_Y+1;PVB;ES;01/01/2027;31/12/2027;36.78;
31/05/2026;GDAES_D+1;PVB;ES;01/06/2026;01/06/2026;46.32;
30/05/2026;GDAES_D+1;PVB;ES;31/05/2026;31/05/2026;44.22;
29/05/2026;GDAES_D+1;PVB;ES;30/05/2026;30/05/2026;44.43;
29/05/2026;GMAES;PVB;ES;01/06/2026;30/06/2026;46.35;
29/05/2026;GQES_Q+1;PVB;ES;01/07/2026;30/09/2026;45.75;
29/05/2026;GYES_Y+1;PVB;ES;01/01/2027;31/12/2027;35.79;
28/05/2026;GDAES_D+1;PVB;ES;29/05/2026;29/05/2026;45.56;
28/05/2026;GMAES;PVB;ES;01/06/2026;30/06/2026;46.04;
28/05/2026;GQES_Q+1;PVB;ES;01/07/2026;30/09/2026;46.23;
28/05/2026;GYES_Y+1;PVB;ES;01/01/2027;31/12/2027;35.68;
27/05/2026;GDAES_D+1;PVB;ES;28/05/2026;28/05/2026;45.58;
27/05/2026;GMAES;PVB;ES;01/06/2026;30/06/2026;45.58;
27/05/2026;GQES_Q+1;PVB;ES;01/07/2026;30/09/2026;46.08;
27/05/2026;GYES_Y+1;PVB;ES;01/01/2027;31/12/2027;35.83;
26/05/2026;GDAES_D+1;PVB;ES;27/05/2026;27/05/2026;46.03;
26/05/2026;GMAES;PVB;ES;01/06/2026;30/06/2026;46.43;
26/05/2026;GQES_Q+1;PVB;ES;01/07/2026;30/09/2026;47.17;
26/05/2026;GYES_Y+1;PVB;ES;01/01/2027;31/12/2027;36.08;
25/05/2026;GDAES_D+1;PVB;ES;26/05/2026;26/05/2026;44.35;
25/05/2026;GMAES;PVB;ES;01/06/2026;30/06/2026;44.73;
25/05/2026;GQES_Q+1;PVB;ES;01/07/2026;30/09/2026;45.37;
25/05/2026;GYES_Y+1;PVB;ES;01/01/2027;31/12/2027;35.28;
24/05/2026;GDAES_D+1;PVB;ES;25/05/2026;25/05/2026;45.09;
23/05/2026;GDAES_D+1;PVB;ES;24/05/2026;24/05/2026;46.21;
22/05/2026;GDAES_D+1;PVB;ES;23/05/2026;23/05/2026;46.6;
22/05/2026;GMAES;PVB;ES;01/06/2026;30/06/2026;47.77;
22/05/2026;GQES_Q+1;PVB;ES;01/07/2026;30/09/2026;47.83;
22/05/2026;GYES_Y+1;PVB;ES;01/01/2027;31/12/2027;36.58;
21/05/2026;GDAES_D+1;PVB;ES;22/05/2026;22/05/2026;47.56;
21/05/2026;GMAES;PVB;ES;01/06/2026;30/06/2026;48.82;
21/05/2026;GQES_Q+1;PVB;ES;01/07/2026;30/09/2026;49.28;
21/05/2026;GYES_Y+1;PVB;ES;01/01/2027;31/12/2027;36.83;
20/05/2026;GDAES_D+1;PVB;ES;21/05/2026;21/05/2026;48.31;
20/05/2026;GMAES;PVB;ES;01/06/2026;30/06/2026;48.5;
20/05/2026;GQES_Q+1;PVB;ES;01/07/2026;30/09/2026;48.65;
20/05/2026;GYES_Y+1;PVB;ES;01/01/2027;31/12/2027;37;
19/05/2026;GDAES_D+1;PVB;ES;20/05/2026;20/05/2026;50.22;
19/05/2026;GMAES;PVB;ES;01/06/2026;30/06/2026;51.19;
19/05/2026;GQES_Q+1;PVB;ES;01/07/2026;30/09/2026;51.53;
19/05/2026;GYES_Y+1;PVB;ES;01/01/2027;31/12/2027;37.93;
18/05/2026;GDAES_D+1;PVB;ES;19/05/2026;19/05/2026;48.48;
18/05/2026;GMAES;PVB;ES;01/06/2026;30/06/2026;49.43;
18/05/2026;GQES_Q+1;PVB;ES;01/07/2026;30/09/2026;49.55;
18/05/2026;GYES_Y+1;PVB;ES;01/01/2027;31/12/2027;37.15;
17/05/2026;GDAES_D+1;PVB;ES;18/05/2026;18/05/2026;49.85;
16/05/2026;GDAES_D+1;PVB;ES;17/05/2026;17/05/2026;49.82;
15/05/2026;GDAES_D+1;PVB;ES;16/05/2026;16/05/2026;49.41;
15/05/2026;GMAES;PVB;ES;01/06/2026;30/06/2026;49.93;
15/05/2026;GQES_Q+1;PVB;ES;01/07/2026;30/09/2026;49.73;
15/05/2026;GYES_Y+1;PVB;ES;01/01/2027;31/12/2027;37.74;
14/05/2026;GDAES_D+1;PVB;ES;15/05/2026;15/05/2026;47;
14/05/2026;GMAES;PVB;ES;01/06/2026;30/06/2026;47.13;
14/05/2026;GQES_Q+1;PVB;ES;01/07/2026;30/09/2026;47.18;
14/05/2026;GYES_Y+1;PVB;ES;01/01/2027;31/12/2027;36.03;
13/05/2026;GDAES_D+1;PVB;ES;14/05/2026;14/05/2026;46.33;
13/05/2026;GMAES;PVB;ES;01/06/2026;30/06/2026;46.56;
13/05/2026;GQES_Q+1;PVB;ES;01/07/2026;30/09/2026;46.85;
13/05/2026;GYES_Y+1;PVB;ES;01/01/2027;31/12/2027;36.68;
12/05/2026;GDAES_D+1;PVB;ES;13/05/2026;13/05/2026;46.28;
12/05/2026;GMAES;PVB;ES;01/06/2026;30/06/2026;46.39;
12/05/2026;GQES_Q+1;PVB;ES;01/07/2026;30/09/2026;46.28;
12/05/2026;GYES_Y+1;PVB;ES;01/01/2027;31/12/2027;36.58;
11/05/2026;GDAES_D+1;PVB;ES;12/05/2026;12/05/2026;45.49;
11/05/2026;GMAES;PVB;ES;01/06/2026;30/06/2026;45.58;
11/05/2026;GQES_Q+1;PVB;ES;01/07/2026;30/09/2026;45.78;
11/05/2026;GYES_Y+1;PVB;ES;01/01/2027;31/12/2027;36.48;
10/05/2026;GDAES_D+1;PVB;ES;11/05/2026;11/05/2026;43.66;
09/05/2026;GDAES_D+1;PVB;ES;10/05/2026;10/05/2026;42.36;
08/05/2026;GDAES_D+1;PVB;ES;09/05/2026;09/05/2026;42.64;
08/05/2026;GMAES;PVB;ES;01/06/2026;30/06/2026;43.26;
08/05/2026;GQES_Q+1;PVB;ES;01/07/2026;30/09/2026;43.63;
08/05/2026;GYES_Y+1;PVB;ES;01/01/2027;31/12/2027;35.28;
07/05/2026;GDAES_D+1;PVB;ES;08/05/2026;08/05/2026;42.05;
07/05/2026;GMAES;PVB;ES;01/06/2026;30/06/2026;43.11;
07/05/2026;GQES_Q+1;PVB;ES;01/07/2026;30/09/2026;43.35;
07/05/2026;GYES_Y+1;PVB;ES;01/01/2027;31/12/2027;35.15;
06/05/2026;GDAES_D+1;PVB;ES;07/05/2026;07/05/2026;43.6;
06/05/2026;GMAES;PVB;ES;01/06/2026;30/06/2026;43.25;
06/05/2026;GQES_Q+1;PVB;ES;01/07/2026;30/09/2026;43.55;
06/05/2026;GYES_Y+1;PVB;ES;01/01/2027;31/12/2027;35.2;
05/05/2026;GDAES_D+1;PVB;ES;06/05/2026;06/05/2026;46.77;
05/05/2026;GMAES;PVB;ES;01/06/2026;30/06/2026;46.61;
05/05/2026;GQES_Q+1;PVB;ES;01/07/2026;30/09/2026;46.68;
05/05/2026;GYES_Y+1;PVB;ES;01/01/2027;31/12/2027;37.03;
04/05/2026;GDAES_D+1;PVB;ES;05/05/2026;05/05/2026;48.54;
04/05/2026;GMAES;PVB;ES;01/06/2026;30/06/2026;47.91;
04/05/2026;GQES_Q+1;PVB;ES;01/07/2026;30/09/2026;47.88;
04/05/2026;GYES_Y+1;PVB;ES;01/01/2027;31/12/2027;37.85;
03/05/2026;GDAES_D+1;PVB;ES;04/05/2026;04/05/2026;46.99;
02/05/2026;GDAES_D+1;PVB;ES;03/05/2026;03/05/2026;46.07;
01/05/2026;GDAES_D+1;PVB;ES;02/05/2026;02/05/2026;45.47;
30/04/2026;GDAES_D+1;PVB;ES;01/05/2026;01/05/2026;45.57;
30/04/2026;GMAES;PVB;ES;01/05/2026;31/05/2026;44.53;
30/04/2026;GQES_Q+1;PVB;ES;01/07/2026;30/09/2026;44.64;
30/04/2026;GYES_Y+1;PVB;ES;01/01/2027;31/12/2027;36.16;
29/04/2026;GDAES_D+1;PVB;ES;30/04/2026;30/04/2026;45.79;
29/04/2026;GMAES;PVB;ES;01/05/2026;31/05/2026;45.73;
29/04/2026;GQES_Q+1;PVB;ES;01/07/2026;30/09/2026;45.62;
29/04/2026;GYES_Y+1;PVB;ES;01/01/2027;31/12/2027;37.14;
28/04/2026;GDAES_D+1;PVB;ES;29/04/2026;29/04/2026;42.35;
28/04/2026;GMAES;PVB;ES;01/05/2026;31/05/2026;42.84;
28/04/2026;GQES_Q+1;PVB;ES;01/07/2026;30/09/2026;43.33;
28/04/2026;GYES_Y+1;PVB;ES;01/01/2027;31/12/2027;35.63;
27/04/2026;GDAES_D+1;PVB;ES;28/04/2026;28/04/2026;43.56;
27/04/2026;GMAES;PVB;ES;01/05/2026;31/05/2026;43.75;
27/04/2026;GQES_Q+1;PVB;ES;01/07/2026;30/09/2026;44.18;
27/04/2026;GYES_Y+1;PVB;ES;01/01/2027;31/12/2027;36.13;
26/04/2026;GDAES_D+1;PVB;ES;27/04/2026;27/04/2026;42.95;
25/04/2026;GDAES_D+1;PVB;ES;26/04/2026;26/04/2026;43.35;
24/04/2026;GDAES_D+1;PVB;ES;25/04/2026;25/04/2026;43.74;
24/04/2026;GMAES;PVB;ES;01/05/2026;31/05/2026;44.05;
24/04/2026;GQES_Q+1;PVB;ES;01/07/2026;30/09/2026;44.58;
24/04/2026;GYES_Y+1;PVB;ES;01/01/2027;31/12/2027;36.86;
23/04/2026;GDAES_D+1;PVB;ES;24/04/2026;24/04/2026;43.71;
23/04/2026;GMAES;PVB;ES;01/05/2026;31/05/2026;43.28;
23/04/2026;GQES_Q+1;PVB;ES;01/07/2026;30/09/2026;43.96;
23/04/2026;GYES_Y+1;PVB;ES;01/01/2027;31/12/2027;35.4;
22/04/2026;GDAES_D+1;PVB;ES;23/04/2026;23/04/2026;42.56;
22/04/2026;GMAES;PVB;ES;01/05/2026;31/05/2026;42.43;
22/04/2026;GQES_Q+1;PVB;ES;01/07/2026;30/09/2026;43.23;
22/04/2026;GYES_Y+1;PVB;ES;01/01/2027;31/12/2027;35.3;
21/04/2026;GDAES_D+1;PVB;ES;22/04/2026;22/04/2026;40.93;
21/04/2026;GMAES;PVB;ES;01/05/2026;31/05/2026;41.2;
21/04/2026;GQES_Q+1;PVB;ES;01/07/2026;30/09/2026;41.88;
21/04/2026;GYES_Y+1;PVB;ES;01/01/2027;31/12/2027;34.25;
20/04/2026;GDAES_D+1;PVB;ES;21/04/2026;21/04/2026;38.79;
20/04/2026;GMAES;PVB;ES;01/05/2026;31/05/2026;38.98;
20/04/2026;GQES_Q+1;PVB;ES;01/07/2026;30/09/2026;39.43;
20/04/2026;GYES_Y+1;PVB;ES;01/01/2027;31/12/2027;32.9;
19/04/2026;GDAES_D+1;PVB;ES;20/04/2026;20/04/2026;41.02;
18/04/2026;GDAES_D+1;PVB;ES;19/04/2026;19/04/2026;39.38;
17/04/2026;GDAES_D+1;PVB;ES;18/04/2026;18/04/2026;38.09;
17/04/2026;GMAES;PVB;ES;01/05/2026;31/05/2026;37.9;
17/04/2026;GQES_Q+1;PVB;ES;01/07/2026;30/09/2026;38.5;
17/04/2026;GYES_Y+1;PVB;ES;01/01/2027;31/12/2027;32.45;
16/04/2026;GDAES_D+1;PVB;ES;17/04/2026;17/04/2026;41.17;
16/04/2026;GMAES;PVB;ES;01/05/2026;31/05/2026;41.68;
16/04/2026;GQES_Q+1;PVB;ES;01/07/2026;30/09/2026;41.73;
16/04/2026;GYES_Y+1;PVB;ES;01/01/2027;31/12/2027;34.4;
15/04/2026;GDAES_D+1;PVB;ES;16/04/2026;16/04/2026;40.04;
15/04/2026;GMAES;PVB;ES;01/05/2026;31/05/2026;40.56;
15/04/2026;GQES_Q+1;PVB;ES;01/07/2026;30/09/2026;40.63;
15/04/2026;GYES_Y+1;PVB;ES;01/01/2027;31/12/2027;33.15;
14/04/2026;GDAES_D+1;PVB;ES;15/04/2026;15/04/2026;41.65;
14/04/2026;GMAES;PVB;ES;01/05/2026;31/05/2026;41.93;
14/04/2026;GQES_Q+1;PVB;ES;01/07/2026;30/09/2026;42.03;
14/04/2026;GYES_Y+1;PVB;ES;01/01/2027;31/12/2027;33.7;
13/04/2026;GDAES_D+1;PVB;ES;14/04/2026;14/04/2026;45;
13/04/2026;GMAES;PVB;ES;01/05/2026;31/05/2026;45.5;
13/04/2026;GQES_Q+1;PVB;ES;01/07/2026;30/09/2026;45.25;
13/04/2026;GYES_Y+1;PVB;ES;01/01/2027;31/12/2027;35.7;
12/04/2026;GDAES_D+1;PVB;ES;13/04/2026;13/04/2026;52.11;
11/04/2026;GDAES_D+1;PVB;ES;12/04/2026;12/04/2026;44.74;
10/04/2026;GDAES_D+1;PVB;ES;11/04/2026;11/04/2026;42.33;
10/04/2026;GMAES;PVB;ES;01/05/2026;31/05/2026;43.13;
10/04/2026;GQES_Q+1;PVB;ES;01/07/2026;30/09/2026;43.43;
10/04/2026;GYES_Y+1;PVB;ES;01/01/2027;31/12/2027;34.68;
09/04/2026;GDAES_D+1;PVB;ES;10/04/2026;10/04/2026;44.22;
09/04/2026;GMAES;PVB;ES;01/05/2026;31/05/2026;44.81;
09/04/2026;GQES_Q+1;PVB;ES;01/07/2026;30/09/2026;45.35;
09/04/2026;GYES_Y+1;PVB;ES;01/01/2027;31/12/2027;35.93;
08/04/2026;GDAES_D+1;PVB;ES;09/04/2026;09/04/2026;44.01;
08/04/2026;GMAES;PVB;ES;01/05/2026;31/05/2026;45;
08/04/2026;GQES_Q+1;PVB;ES;01/07/2026;30/09/2026;45.1;
08/04/2026;GYES_Y+1;PVB;ES;01/01/2027;31/12/2027;36.65;
07/04/2026;GDAES_D+1;PVB;ES;08/04/2026;08/04/2026;50.81;
07/04/2026;GMAES;PVB;ES;01/05/2026;31/05/2026;52;
07/04/2026;GQES_Q+1;PVB;ES;01/07/2026;30/09/2026;51.9;
07/04/2026;GYES_Y+1;PVB;ES;01/01/2027;31/12/2027;40.2;
06/04/2026;GDAES_D+1;PVB;ES;07/04/2026;07/04/2026;49.6;
05/04/2026;GDAES_D+1;PVB;ES;06/04/2026;06/04/2026;49.05;
04/04/2026;GDAES_D+1;PVB;ES;05/04/2026;05/04/2026;48.87;
03/04/2026;GDAES_D+1;PVB;ES;04/04/2026;04/04/2026;49.98;
02/04/2026;GDAES_D+1;PVB;ES;03/04/2026;03/04/2026;48.76;
02/04/2026;GMAES;PVB;ES;01/05/2026;31/05/2026;48.75;
02/04/2026;GQES_Q+1;PVB;ES;01/07/2026;30/09/2026;48.77;
02/04/2026;GYES_Y+1;PVB;ES;01/01/2027;31/12/2027;39.15;
01/04/2026;GDAES_D+1;PVB;ES;02/04/2026;02/04/2026;45.52;
01/04/2026;GMAES;PVB;ES;01/05/2026;31/05/2026;46.65;
01/04/2026;GQES_Q+1;PVB;ES;01/07/2026;30/09/2026;47.13;
01/04/2026;GYES_Y+1;PVB;ES;01/01/2027;31/12/2027;38.38;
31/03/2026;GDAES_D+1;PVB;ES;01/04/2026;01/04/2026;47.87;
31/03/2026;GMAES;PVB;ES;01/04/2026;30/04/2026;48.8;
31/03/2026;GYES_Y+1;PVB;ES;01/01/2027;31/12/2027;40.5;
30/03/2026;GDAES_D+1;PVB;ES;31/03/2026;31/03/2026;52.33;
30/03/2026;GMAES;PVB;ES;01/04/2026;30/04/2026;53.2;
30/03/2026;GQES_Q+1;PVB;ES;01/04/2026;30/06/2026;53.33;
30/03/2026;GYES_Y+1;PVB;ES;01/01/2027;31/12/2027;43.05;
29/03/2026;GDAES_D+1;PVB;ES;30/03/2026;30/03/2026;52.93;
28/03/2026;GDAES_D+1;PVB;ES;29/03/2026;29/03/2026;52.87;
27/03/2026;GDAES_D+1;PVB;ES;28/03/2026;28/03/2026;52.67;
27/03/2026;GMAES;PVB;ES;01/04/2026;30/04/2026;53.39;
27/03/2026;GQES_Q+1;PVB;ES;01/04/2026;30/06/2026;53.64;
27/03/2026;GYES_Y+1;PVB;ES;01/01/2027;31/12/2027;43.42;
26/03/2026;GDAES_D+1;PVB;ES;27/03/2026;27/03/2026;54.24;
26/03/2026;GMAES;PVB;ES;01/04/2026;30/04/2026;54.23;
26/03/2026;GQES_Q+1;PVB;ES;01/04/2026;30/06/2026;54.45;
26/03/2026;GYES_Y+1;PVB;ES;01/01/2027;31/12/2027;43.38;
25/03/2026;GDAES_D+1;PVB;ES;26/03/2026;26/03/2026;51.78;
25/03/2026;GMAES;PVB;ES;01/04/2026;30/04/2026;51.95;
25/03/2026;GQES_Q+1;PVB;ES;01/04/2026;30/06/2026;52.12;
25/03/2026;GYES_Y+1;PVB;ES;01/01/2027;31/12/2027;41.79;
24/03/2026;GDAES_D+1;PVB;ES;25/03/2026;25/03/2026;52.4;
24/03/2026;GMAES;PVB;ES;01/04/2026;30/04/2026;53.38;
24/03/2026;GQES_Q+1;PVB;ES;01/04/2026;30/06/2026;53.51;
24/03/2026;GYES_Y+1;PVB;ES;01/01/2027;31/12/2027;43.01;
23/03/2026;GDAES_D+1;PVB;ES;24/03/2026;24/03/2026;56.75;
23/03/2026;GMAES;PVB;ES;01/04/2026;30/04/2026;55.4;
23/03/2026;GQES_Q+1;PVB;ES;01/04/2026;30/06/2026;55.61;
23/03/2026;GYES_Y+1;PVB;ES;01/01/2027;31/12/2027;44.66;
22/03/2026;GDAES_D+1;PVB;ES;23/03/2026;23/03/2026;59.63;
21/03/2026;GDAES_D+1;PVB;ES;22/03/2026;22/03/2026;58.79;
20/03/2026;GDAES_D+1;PVB;ES;21/03/2026;21/03/2026;57.26;
20/03/2026;GMAES;PVB;ES;01/04/2026;30/04/2026;58.47;
20/03/2026;GQES_Q+1;PVB;ES;01/04/2026;30/06/2026;58.51;
20/03/2026;GYES_Y+1;PVB;ES;01/01/2027;31/12/2027;45.01;
19/03/2026;GDAES_D+1;PVB;ES;20/03/2026;20/03/2026;61.36;
19/03/2026;GMAES;PVB;ES;01/04/2026;30/04/2026;60.2;
19/03/2026;GQES_Q+1;PVB;ES;01/04/2026;30/06/2026;60.07;
19/03/2026;GYES_Y+1;PVB;ES;01/01/2027;31/12/2027;45.43;
18/03/2026;GDAES_D+1;PVB;ES;19/03/2026;19/03/2026;53.75;
18/03/2026;GMAES;PVB;ES;01/04/2026;30/04/2026;54.27;
18/03/2026;GQES_Q+1;PVB;ES;01/04/2026;30/06/2026;53.39;
18/03/2026;GYES_Y+1;PVB;ES;01/01/2027;31/12/2027;38.12;
17/03/2026;GDAES_D+1;PVB;ES;18/03/2026;18/03/2026;50.75;
17/03/2026;GMAES;PVB;ES;01/04/2026;30/04/2026;50.87;
17/03/2026;GQES_Q+1;PVB;ES;01/04/2026;30/06/2026;50.55;
17/03/2026;GYES_Y+1;PVB;ES;01/01/2027;31/12/2027;37.93;
16/03/2026;GDAES_D+1;PVB;ES;17/03/2026;17/03/2026;49.28;
16/03/2026;GMAES;PVB;ES;01/04/2026;30/04/2026;50.17;
16/03/2026;GQES_Q+1;PVB;ES;01/04/2026;30/06/2026;49.83;
16/03/2026;GYES_Y+1;PVB;ES;01/01/2027;31/12/2027;37.16;
15/03/2026;GDAES_D+1;PVB;ES;16/03/2026;16/03/2026;51.01;
14/03/2026;GDAES_D+1;PVB;ES;15/03/2026;15/03/2026;52.07;
13/03/2026;GDAES_D+1;PVB;ES;14/03/2026;14/03/2026;48.74;
13/03/2026;GMAES;PVB;ES;01/04/2026;30/04/2026;49.13;
13/03/2026;GQES_Q+1;PVB;ES;01/04/2026;30/06/2026;48.75;
13/03/2026;GYES_Y+1;PVB;ES;01/01/2027;31/12/2027;36.12;
12/03/2026;GDAES_D+1;PVB;ES;13/03/2026;13/03/2026;48.73;
12/03/2026;GMAES;PVB;ES;01/04/2026;30/04/2026;49.98;
12/03/2026;GQES_Q+1;PVB;ES;01/04/2026;30/06/2026;49.5;
12/03/2026;GYES_Y+1;PVB;ES;01/01/2027;31/12/2027;36.2;
11/03/2026;GDAES_D+1;PVB;ES;12/03/2026;12/03/2026;48.62;
11/03/2026;GMAES;PVB;ES;01/04/2026;30/04/2026;49;
11/03/2026;GQES_Q+1;PVB;ES;01/04/2026;30/06/2026;48.36;
11/03/2026;GYES_Y+1;PVB;ES;01/01/2027;31/12/2027;35.11;
10/03/2026;GDAES_D+1;PVB;ES;11/03/2026;11/03/2026;46.47;
10/03/2026;GMAES;PVB;ES;01/04/2026;30/04/2026;47.21;
10/03/2026;GQES_Q+1;PVB;ES;01/04/2026;30/06/2026;46.7;
10/03/2026;GYES_Y+1;PVB;ES;01/01/2027;31/12/2027;34.74;
09/03/2026;GDAES_D+1;PVB;ES;10/03/2026;10/03/2026;56.04;
09/03/2026;GMAES;PVB;ES;01/04/2026;30/04/2026;55.73;
09/03/2026;GQES_Q+1;PVB;ES;01/04/2026;30/06/2026;55.5;
09/03/2026;GYES_Y+1;PVB;ES;01/01/2027;31/12/2027;39.01;
08/03/2026;GDAES_D+1;PVB;ES;09/03/2026;09/03/2026;60.41;
07/03/2026;GDAES_D+1;PVB;ES;08/03/2026;08/03/2026;52.91;
06/03/2026;GDAES_D+1;PVB;ES;07/03/2026;07/03/2026;52.24;
06/03/2026;GMAES;PVB;ES;01/04/2026;30/04/2026;52.5;
06/03/2026;GQES_Q+1;PVB;ES;01/04/2026;30/06/2026;51.01;
06/03/2026;GYES_Y+1;PVB;ES;01/01/2027;31/12/2027;35;
05/03/2026;GDAES_D+1;PVB;ES;06/03/2026;06/03/2026;50.58;
05/03/2026;GMAES;PVB;ES;01/04/2026;30/04/2026;49.73;
05/03/2026;GQES_Q+1;PVB;ES;01/04/2026;30/06/2026;48.48;
05/03/2026;GYES_Y+1;PVB;ES;01/01/2027;31/12/2027;31.1;
04/03/2026;GDAES_D+1;PVB;ES;05/03/2026;05/03/2026;49.1;
04/03/2026;GMAES;PVB;ES;01/04/2026;30/04/2026;47.48;
04/03/2026;GQES_Q+1;PVB;ES;01/04/2026;30/06/2026;46.5;
04/03/2026;GYES_Y+1;PVB;ES;01/01/2027;31/12/2027;30.51;
03/03/2026;GDAES_D+1;PVB;ES;04/03/2026;04/03/2026;54.18;
03/03/2026;GMAES;PVB;ES;01/04/2026;30/04/2026;52.06;
03/03/2026;GQES_Q+1;PVB;ES;01/04/2026;30/06/2026;50.56;
03/03/2026;GYES_Y+1;PVB;ES;01/01/2027;31/12/2027;30.56;
02/03/2026;GDAES_D+1;PVB;ES;03/03/2026;03/03/2026;42.92;
02/03/2026;GMAES;PVB;ES;01/04/2026;30/04/2026;43.03;
02/03/2026;GQES_Q+1;PVB;ES;01/04/2026;30/06/2026;41.8;
02/03/2026;GYES_Y+1;PVB;ES;01/01/2027;31/12/2027;28.13;
01/03/2026;GDAES_D+1;PVB;ES;02/03/2026;02/03/2026;39.9;
28/02/2026;GDAES_D+1;PVB;ES;01/03/2026;01/03/2026;33.61;
27/02/2026;GDAES_D+1;PVB;ES;28/02/2026;28/02/2026;30.29;
27/02/2026;GMAES;PVB;ES;01/03/2026;31/03/2026;30.6;
27/02/2026;GQES_Q+1;PVB;ES;01/04/2026;30/06/2026;29.04;
27/02/2026;GYES_Y+1;PVB;ES;01/01/2027;31/12/2027;24.99;
26/02/2026;GDAES_D+1;PVB;ES;27/02/2026;27/02/2026;30.11;
26/02/2026;GMAES;PVB;ES;01/03/2026;31/03/2026;30.29;
26/02/2026;GQES_Q+1;PVB;ES;01/04/2026;30/06/2026;30.19;
26/02/2026;GYES_Y+1;PVB;ES;01/01/2027;31/12/2027;26.6;
25/02/2026;GDAES_D+1;PVB;ES;26/02/2026;26/02/2026;29.31;
25/02/2026;GMAES;PVB;ES;01/03/2026;31/03/2026;28.85;
25/02/2026;GQES_Q+1;PVB;ES;01/04/2026;30/06/2026;29.13;
25/02/2026;GYES_Y+1;PVB;ES;01/01/2027;31/12/2027;26.2;
24/02/2026;GDAES_D+1;PVB;ES;25/02/2026;25/02/2026;29.24;
24/02/2026;GMAES;PVB;ES;01/03/2026;31/03/2026;28.65;
24/02/2026;GQES_Q+1;PVB;ES;01/04/2026;30/06/2026;28.79;
24/02/2026;GYES_Y+1;PVB;ES;01/01/2027;31/12/2027;26.2;
23/02/2026;GDAES_D+1;PVB;ES;24/02/2026;24/02/2026;29.95;
23/02/2026;GMAES;PVB;ES;01/03/2026;31/03/2026;29.43;
23/02/2026;GQES_Q+1;PVB;ES;01/04/2026;30/06/2026;29.71;
23/02/2026;GYES_Y+1;PVB;ES;01/01/2027;31/12/2027;26.7;
22/02/2026;GDAES_D+1;PVB;ES;23/02/2026;23/02/2026;29.35;
21/02/2026;GDAES_D+1;PVB;ES;22/02/2026;22/02/2026;29.59;
20/02/2026;GDAES_D+1;PVB;ES;21/02/2026;21/02/2026;30.15;
20/02/2026;GMAES;PVB;ES;01/03/2026;31/03/2026;29.68;
20/02/2026;GQES_Q+1;PVB;ES;01/04/2026;30/06/2026;29.28;
20/02/2026;GYES_Y+1;PVB;ES;01/01/2027;31/12/2027;26.45;
19/02/2026;GDAES_D+1;PVB;ES;20/02/2026;20/02/2026;31.49;
19/02/2026;GMAES;PVB;ES;01/03/2026;31/03/2026;31;
19/02/2026;GQES_Q+1;PVB;ES;01/04/2026;30/06/2026;30.59;
19/02/2026;GYES_Y+1;PVB;ES;01/01/2027;31/12/2027;27.05;
18/02/2026;GDAES_D+1;PVB;ES;19/02/2026;19/02/2026;29.7;
18/02/2026;GMAES;PVB;ES;01/03/2026;31/03/2026;29.1;
18/02/2026;GQES_Q+1;PVB;ES;01/04/2026;30/06/2026;28.78;
18/02/2026;GYES_Y+1;PVB;ES;01/01/2027;31/12/2027;26;
17/02/2026;GDAES_D+1;PVB;ES;18/02/2026;18/02/2026;28.23;
17/02/2026;GMAES;PVB;ES;01/03/2026;31/03/2026;27.89;
17/02/2026;GQES_Q+1;PVB;ES;01/04/2026;30/06/2026;27.48;
17/02/2026;GYES_Y+1;PVB;ES;01/01/2027;31/12/2027;25.4;
16/02/2026;GDAES_D+1;PVB;ES;17/02/2026;17/02/2026;29.29;
16/02/2026;GMAES;PVB;ES;01/03/2026;31/03/2026;28.73;
16/02/2026;GQES_Q+1;PVB;ES;01/04/2026;30/06/2026;27.98;
16/02/2026;GYES_Y+1;PVB;ES;01/01/2027;31/12/2027;25.7;
15/02/2026;GDAES_D+1;PVB;ES;16/02/2026;16/02/2026;31.03;
14/02/2026;GDAES_D+1;PVB;ES;15/02/2026;15/02/2026;30.85;
13/02/2026;GDAES_D+1;PVB;ES;14/02/2026;14/02/2026;30.82;
13/02/2026;GMAES;PVB;ES;01/03/2026;31/03/2026;30.13;
13/02/2026;GQES_Q+1;PVB;ES;01/04/2026;30/06/2026;28.68;
13/02/2026;GYES_Y+1;PVB;ES;01/01/2027;31/12/2027;25.95;
12/02/2026;GDAES_D+1;PVB;ES;13/02/2026;13/02/2026;31.19;
12/02/2026;GMAES;PVB;ES;01/03/2026;31/03/2026;30.43;
12/02/2026;GQES_Q+1;PVB;ES;01/04/2026;30/06/2026;28.79;
12/02/2026;GYES_Y+1;PVB;ES;01/01/2027;31/12/2027;26;
11/02/2026;GDAES_D+1;PVB;ES;12/02/2026;12/02/2026;30.87;
11/02/2026;GMAES;PVB;ES;01/03/2026;31/03/2026;29.85;
11/02/2026;GQES_Q+1;PVB;ES;01/04/2026;30/06/2026;28.48;
11/02/2026;GYES_Y+1;PVB;ES;01/01/2027;31/12/2027;25.75;
10/02/2026;GDAES_D+1;PVB;ES;11/02/2026;11/02/2026;30.18;
10/02/2026;GMAES;PVB;ES;01/03/2026;31/03/2026;29.68;
10/02/2026;GQES_Q+1;PVB;ES;01/04/2026;30/06/2026;28.36;
10/02/2026;GYES_Y+1;PVB;ES;01/01/2027;31/12/2027;25.55;
09/02/2026;GDAES_D+1;PVB;ES;10/02/2026;10/02/2026;31.95;
09/02/2026;GMAES;PVB;ES;01/03/2026;31/03/2026;31.24;
09/02/2026;GQES_Q+1;PVB;ES;01/04/2026;30/06/2026;29.13;
09/02/2026;GYES_Y+1;PVB;ES;01/01/2027;31/12/2027;26.05;
08/02/2026;GDAES_D+1;PVB;ES;09/02/2026;09/02/2026;33.75;
07/02/2026;GDAES_D+1;PVB;ES;08/02/2026;08/02/2026;33.27;
06/02/2026;GDAES_D+1;PVB;ES;07/02/2026;07/02/2026;34.26;
06/02/2026;GMAES;PVB;ES;01/03/2026;31/03/2026;33.29;
06/02/2026;GQES_Q+1;PVB;ES;01/04/2026;30/06/2026;29.83;
06/02/2026;GYES_Y+1;PVB;ES;01/01/2027;31/12/2027;26.2;
05/02/2026;GDAES_D+1;PVB;ES;06/02/2026;06/02/2026;32.19;
05/02/2026;GMAES;PVB;ES;01/03/2026;31/03/2026;31.65;
05/02/2026;GQES_Q+1;PVB;ES;01/04/2026;30/06/2026;29.28;
05/02/2026;GYES_Y+1;PVB;ES;01/01/2027;31/12/2027;25.8;
04/02/2026;GDAES_D+1;PVB;ES;05/02/2026;05/02/2026;32.4;
04/02/2026;GMAES;PVB;ES;01/03/2026;31/03/2026;31.3;
04/02/2026;GQES_Q+1;PVB;ES;01/04/2026;30/06/2026;29.03;
04/02/2026;GYES_Y+1;PVB;ES;01/01/2027;31/12/2027;25.9;
03/02/2026;GDAES_D+1;PVB;ES;04/02/2026;04/02/2026;31.72;
03/02/2026;GMAES;PVB;ES;01/03/2026;31/03/2026;30.85;
03/02/2026;GQES_Q+1;PVB;ES;01/04/2026;30/06/2026;28.58;
03/02/2026;GYES_Y+1;PVB;ES;01/01/2027;31/12/2027;25.4;
02/02/2026;GDAES_D+1;PVB;ES;03/02/2026;03/02/2026;33.45;
02/02/2026;GMAES;PVB;ES;01/03/2026;31/03/2026;31.52;
02/02/2026;GQES_Q+1;PVB;ES;01/04/2026;30/06/2026;28.43;
02/02/2026;GYES_Y+1;PVB;ES;01/01/2027;31/12/2027;25.55;
01/02/2026;GDAES_D+1;PVB;ES;02/02/2026;02/02/2026;40.19;
31/01/2026;GDAES_D+1;PVB;ES;01/02/2026;01/02/2026;41.06;
30/01/2026;GDAES_D+1;PVB;ES;31/01/2026;31/01/2026;39.39;
30/01/2026;GMAES;PVB;ES;01/02/2026;28/02/2026;38.16;
30/01/2026;GQES_Q+1;PVB;ES;01/04/2026;30/06/2026;31.97;
30/01/2026;GYES_Y+1;PVB;ES;01/01/2027;31/12/2027;26.72;
29/01/2026;GDAES_D+1;PVB;ES;30/01/2026;30/01/2026;39.76;
29/01/2026;GMAES;PVB;ES;01/02/2026;28/02/2026;38.29;
29/01/2026;GQES_Q+1;PVB;ES;01/04/2026;30/06/2026;31.5;
29/01/2026;GYES_Y+1;PVB;ES;01/01/2027;31/12/2027;26.05;
28/01/2026;GDAES_D+1;PVB;ES;29/01/2026;29/01/2026;38.98;
28/01/2026;GMAES;PVB;ES;01/02/2026;28/02/2026;38.03;
28/01/2026;GQES_Q+1;PVB;ES;01/04/2026;30/06/2026;29.6;
28/01/2026;GYES_Y+1;PVB;ES;01/01/2027;31/12/2027;25.45;
27/01/2026;GDAES_D+1;PVB;ES;28/01/2026;28/01/2026;40.29;
27/01/2026;GMAES;PVB;ES;01/02/2026;28/02/2026;38.45;
27/01/2026;GQES_Q+1;PVB;ES;01/04/2026;30/06/2026;29.13;
27/01/2026;GYES_Y+1;PVB;ES;01/01/2027;31/12/2027;25;
26/01/2026;GDAES_D+1;PVB;ES;27/01/2026;27/01/2026;41.09;
26/01/2026;GMAES;PVB;ES;01/02/2026;28/02/2026;38.78;
26/01/2026;GQES_Q+1;PVB;ES;01/04/2026;30/06/2026;29.58;
26/01/2026;GYES_Y+1;PVB;ES;01/01/2027;31/12/2027;25.15;
25/01/2026;GDAES_D+1;PVB;ES;26/01/2026;26/01/2026;42.52;
24/01/2026;GDAES_D+1;PVB;ES;25/01/2026;25/01/2026;41.58;
23/01/2026;GDAES_D+1;PVB;ES;24/01/2026;24/01/2026;42.24;
23/01/2026;GMAES;PVB;ES;01/02/2026;28/02/2026;39.57;
23/01/2026;GQES_Q+1;PVB;ES;01/04/2026;30/06/2026;30.08;
23/01/2026;GYES_Y+1;PVB;ES;01/01/2027;31/12/2027;25.7;
22/01/2026;GDAES_D+1;PVB;ES;23/01/2026;23/01/2026;40.46;
22/01/2026;GMAES;PVB;ES;01/02/2026;28/02/2026;37.75;
22/01/2026;GQES_Q+1;PVB;ES;01/04/2026;30/06/2026;30.33;
22/01/2026;GYES_Y+1;PVB;ES;01/01/2027;31/12/2027;26.1;
21/01/2026;GDAES_D+1;PVB;ES;22/01/2026;22/01/2026;41.18;
21/01/2026;GMAES;PVB;ES;01/02/2026;28/02/2026;38.91;
21/01/2026;GQES_Q+1;PVB;ES;01/04/2026;30/06/2026;30.99;
21/01/2026;GYES_Y+1;PVB;ES;01/01/2027;31/12/2027;26.4;
20/01/2026;GDAES_D+1;PVB;ES;21/01/2026;21/01/2026;37.51;
20/01/2026;GMAES;PVB;ES;01/02/2026;28/02/2026;34.4;
20/01/2026;GQES_Q+1;PVB;ES;01/04/2026;30/06/2026;29.2;
20/01/2026;GYES_Y+1;PVB;ES;01/01/2027;31/12/2027;25.25;
19/01/2026;GDAES_D+1;PVB;ES;20/01/2026;20/01/2026;37.23;
19/01/2026;GMAES;PVB;ES;01/02/2026;28/02/2026;34.43;
19/01/2026;GQES_Q+1;PVB;ES;01/04/2026;30/06/2026;28.98;
19/01/2026;GYES_Y+1;PVB;ES;01/01/2027;31/12/2027;24.85;
18/01/2026;GDAES_D+1;PVB;ES;19/01/2026;19/01/2026;39.76;
17/01/2026;GDAES_D+1;PVB;ES;18/01/2026;18/01/2026;40.63;
16/01/2026;GDAES_D+1;PVB;ES;17/01/2026;17/01/2026;39.81;
16/01/2026;GMAES;PVB;ES;01/02/2026;28/02/2026;35.99;
16/01/2026;GQES_Q+1;PVB;ES;01/04/2026;30/06/2026;29.71;
16/01/2026;GYES_Y+1;PVB;ES;01/01/2027;31/12/2027;25.25;
15/01/2026;GDAES_D+1;PVB;ES;16/01/2026;16/01/2026;35.5;
15/01/2026;GMAES;PVB;ES;01/02/2026;28/02/2026;32.6;
15/01/2026;GQES_Q+1;PVB;ES;01/04/2026;30/06/2026;27.58;
15/01/2026;GYES_Y+1;PVB;ES;01/01/2027;31/12/2027;24.2;
14/01/2026;GDAES_D+1;PVB;ES;15/01/2026;15/01/2026;33.64;
14/01/2026;GMAES;PVB;ES;01/02/2026;28/02/2026;31.78;
14/01/2026;GQES_Q+1;PVB;ES;01/04/2026;30/06/2026;26.74;
14/01/2026;GYES_Y+1;PVB;ES;01/01/2027;31/12/2027;24.25;
13/01/2026;GDAES_D+1;PVB;ES;14/01/2026;14/01/2026;33.34;
13/01/2026;GMAES;PVB;ES;01/02/2026;28/02/2026;30.91;
13/01/2026;GQES_Q+1;PVB;ES;01/04/2026;30/06/2026;26.55;
13/01/2026;GYES_Y+1;PVB;ES;01/01/2027;31/12/2027;24.5;
12/01/2026;GDAES_D+1;PVB;ES;13/01/2026;13/01/2026;32.27;
12/01/2026;GMAES;PVB;ES;01/02/2026;28/02/2026;29.88;
12/01/2026;GQES_Q+1;PVB;ES;01/04/2026;30/06/2026;26.55;
12/01/2026;GYES_Y+1;PVB;ES;01/01/2027;31/12/2027;24.4;
11/01/2026;GDAES_D+1;PVB;ES;12/01/2026;12/01/2026;30.83;
10/01/2026;GDAES_D+1;PVB;ES;11/01/2026;11/01/2026;30.73;
09/01/2026;GDAES_D+1;PVB;ES;10/01/2026;10/01/2026;30.46;
09/01/2026;GMAES;PVB;ES;01/02/2026;28/02/2026;28.15;
09/01/2026;GQES_Q+1;PVB;ES;01/04/2026;30/06/2026;25.86;
09/01/2026;GYES_Y+1;PVB;ES;01/01/2027;31/12/2027;24.2;
08/01/2026;GDAES_D+1;PVB;ES;09/01/2026;09/01/2026;29.12;
08/01/2026;GMAES;PVB;ES;01/02/2026;28/02/2026;27.54;
08/01/2026;GQES_Q+1;PVB;ES;01/04/2026;30/06/2026;25.48;
08/01/2026;GYES_Y+1;PVB;ES;01/01/2027;31/12/2027;24.05;
07/01/2026;GDAES_D+1;PVB;ES;08/01/2026;08/01/2026;29.83;
07/01/2026;GMAES;PVB;ES;01/02/2026;28/02/2026;28.6;
07/01/2026;GQES_Q+1;PVB;ES;01/04/2026;30/06/2026;26.28;
07/01/2026;GYES_Y+1;PVB;ES;01/01/2027;31/12/2027;24.45;
06/01/2026;GDAES_D+1;PVB;ES;07/01/2026;07/01/2026;28.99;
06/01/2026;GMAES;PVB;ES;01/02/2026;28/02/2026;27.71;
06/01/2026;GQES_Q+1;PVB;ES;01/04/2026;30/06/2026;25.91;
06/01/2026;GYES_Y+1;PVB;ES;01/01/2027;31/12/2027;24.6;
05/01/2026;GDAES_D+1;PVB;ES;06/01/2026;06/01/2026;29.03;
05/01/2026;GMAES;PVB;ES;01/02/2026;28/02/2026;27.22;
05/01/2026;GQES_Q+1;PVB;ES;01/04/2026;30/06/2026;25.55;
05/01/2026;GYES_Y+1;PVB;ES;01/01/2027;31/12/2027;24.3;
04/01/2026;GDAES_D+1;PVB;ES;05/01/2026;05/01/2026;32.17;
03/01/2026;GDAES_D+1;PVB;ES;04/01/2026;04/01/2026;31.2;
02/01/2026;GDAES_D+1;PVB;ES;03/01/2026;03/01/2026;30.19;
02/01/2026;GMAES;PVB;ES;01/02/2026;28/02/2026;28.7;
02/01/2026;GQES_Q+1;PVB;ES;01/04/2026;30/06/2026;27.17;
02/01/2026;GYES_Y+1;PVB;ES;01/01/2027;31/12/2027;25.62;
01/01/2026;GDAES_D+1;PVB;ES;02/01/2026;02/01/2026;28.86;
31/12/2025;GDAES_D+1;PVB;ES;01/01/2026;01/01/2026;28.96;
31/12/2025;GMAES;PVB;ES;01/01/2026;31/01/2026;28.1;
30/12/2025;GDAES_D+1;PVB;ES;31/12/2025;31/12/2025;27.79;
30/12/2025;GMAES;PVB;ES;01/01/2026;31/01/2026;27.7;
30/12/2025;GQES_Q+1;PVB;ES;01/01/2026;31/03/2026;27.29;
30/12/2025;GYES_Y+1;PVB;ES;01/01/2026;31/12/2026;26.63;
29/12/2025;GDAES_D+1;PVB;ES;30/12/2025;30/12/2025;28.47;
29/12/2025;GMAES;PVB;ES;01/01/2026;31/01/2026;28.35;
29/12/2025;GQES_Q+1;PVB;ES;01/01/2026;31/03/2026;27.89;
29/12/2025;GYES_Y+1;PVB;ES;01/01/2026;31/12/2026;26.87;
28/12/2025;GDAES_D+1;PVB;ES;29/12/2025;29/12/2025;29.81;
27/12/2025;GDAES_D+1;PVB;ES;28/12/2025;28/12/2025;29.82;
26/12/2025;GDAES_D+1;PVB;ES;27/12/2025;27/12/2025;29.69;
25/12/2025;GDAES_D+1;PVB;ES;26/12/2025;26/12/2025;29.39;
24/12/2025;GDAES_D+1;PVB;ES;25/12/2025;25/12/2025;28.42;
24/12/2025;GMAES;PVB;ES;01/01/2026;31/01/2026;27.48;
24/12/2025;GQES_Q+1;PVB;ES;01/01/2026;31/03/2026;27.41;
24/12/2025;GYES_Y+1;PVB;ES;01/01/2026;31/12/2026;26.75;
23/12/2025;GDAES_D+1;PVB;ES;24/12/2025;24/12/2025;27.69;
23/12/2025;GMAES;PVB;ES;01/01/2026;31/01/2026;27.58;
23/12/2025;GQES_Q+1;PVB;ES;01/01/2026;31/03/2026;27.18;
23/12/2025;GYES_Y+1;PVB;ES;01/01/2026;31/12/2026;26.38;
22/12/2025;GDAES_D+1;PVB;ES;23/12/2025;23/12/2025;27.69;
22/12/2025;GMAES;PVB;ES;01/01/2026;31/01/2026;27.23;
22/12/2025;GQES_Q+1;PVB;ES;01/01/2026;31/03/2026;26.98;
22/12/2025;GYES_Y+1;PVB;ES;01/01/2026;31/12/2026;26.18;
21/12/2025;GDAES_D+1;PVB;ES;22/12/2025;22/12/2025;29.08;
20/12/2025;GDAES_D+1;PVB;ES;21/12/2025;21/12/2025;28.95;
19/12/2025;GDAES_D+1;PVB;ES;20/12/2025;20/12/2025;28.01;
19/12/2025;GMAES;PVB;ES;01/01/2026;31/01/2026;27.62;
19/12/2025;GQES_Q+1;PVB;ES;01/01/2026;31/03/2026;27.56;
19/12/2025;GYES_Y+1;PVB;ES;01/01/2026;31/12/2026;26.48;
18/12/2025;GDAES_D+1;PVB;ES;19/12/2025;19/12/2025;27.5;
18/12/2025;GMAES;PVB;ES;01/01/2026;31/01/2026;27.11;
18/12/2025;GQES_Q+1;PVB;ES;01/01/2026;31/03/2026;26.88;
18/12/2025;GYES_Y+1;PVB;ES;01/01/2026;31/12/2026;26.07;
17/12/2025;GDAES_D+1;PVB;ES;18/12/2025;18/12/2025;27.13;
17/12/2025;GMAES;PVB;ES;01/01/2026;31/01/2026;26.83;
17/12/2025;GQES_Q+1;PVB;ES;01/01/2026;31/03/2026;26.68;
17/12/2025;GYES_Y+1;PVB;ES;01/01/2026;31/12/2026;25.68;
16/12/2025;GDAES_D+1;PVB;ES;17/12/2025;17/12/2025;26.62;
16/12/2025;GMAES;PVB;ES;01/01/2026;31/01/2026;26.42;
16/12/2025;GQES_Q+1;PVB;ES;01/01/2026;31/03/2026;26.14;
16/12/2025;GYES_Y+1;PVB;ES;01/01/2026;31/12/2026;25.28;
15/12/2025;GDAES_D+1;PVB;ES;16/12/2025;16/12/2025;27.18;
15/12/2025;GMAES;PVB;ES;01/01/2026;31/01/2026;26.93;
15/12/2025;GQES_Q+1;PVB;ES;01/01/2026;31/03/2026;26.78;
15/12/2025;GYES_Y+1;PVB;ES;01/01/2026;31/12/2026;25.83;
14/12/2025;GDAES_D+1;PVB;ES;15/12/2025;15/12/2025;28.47;
13/12/2025;GDAES_D+1;PVB;ES;14/12/2025;14/12/2025;29.1;
12/12/2025;GDAES_D+1;PVB;ES;13/12/2025;13/12/2025;27.37;
12/12/2025;GMAES;PVB;ES;01/01/2026;31/01/2026;27.18;
12/12/2025;GQES_Q+1;PVB;ES;01/01/2026;31/03/2026;26.93;
12/12/2025;GYES_Y+1;PVB;ES;01/01/2026;31/12/2026;26.13;
11/12/2025;GDAES_D+1;PVB;ES;12/12/2025;12/12/2025;26.59;
11/12/2025;GMAES;PVB;ES;01/01/2026;31/01/2026;26.48;
11/12/2025;GQES_Q+1;PVB;ES;01/01/2026;31/03/2026;26.33;
11/12/2025;GYES_Y+1;PVB;ES;01/01/2026;31/12/2026;25.55;
10/12/2025;GDAES_D+1;PVB;ES;11/12/2025;11/12/2025;26.54;
10/12/2025;GMAES;PVB;ES;01/01/2026;31/01/2026;26.23;
10/12/2025;GQES_Q+1;PVB;ES;01/01/2026;31/03/2026;26.29;
10/12/2025;GYES_Y+1;PVB;ES;01/01/2026;31/12/2026;25.48;
09/12/2025;GDAES_D+1;PVB;ES;10/12/2025;10/12/2025;27.27;
09/12/2025;GMAES;PVB;ES;01/01/2026;31/01/2026;27.13;
09/12/2025;GQES_Q+1;PVB;ES;01/01/2026;31/03/2026;27;
09/12/2025;GYES_Y+1;PVB;ES;01/01/2026;31/12/2026;26.33;
08/12/2025;GDAES_D+1;PVB;ES;09/12/2025;09/12/2025;26.71;
08/12/2025;GMAES;PVB;ES;01/01/2026;31/01/2026;26.63;
08/12/2025;GQES_Q+1;PVB;ES;01/01/2026;31/03/2026;26.59;
08/12/2025;GYES_Y+1;PVB;ES;01/01/2026;31/12/2026;26.18;
07/12/2025;GDAES_D+1;PVB;ES;08/12/2025;08/12/2025;27.16;
06/12/2025;GDAES_D+1;PVB;ES;07/12/2025;07/12/2025;27.46;
05/12/2025;GDAES_D+1;PVB;ES;06/12/2025;06/12/2025;27.23;
05/12/2025;GMAES;PVB;ES;01/01/2026;31/01/2026;26.83;
05/12/2025;GQES_Q+1;PVB;ES;01/01/2026;31/03/2026;26.93;
05/12/2025;GYES_Y+1;PVB;ES;01/01/2026;31/12/2026;26.18;
04/12/2025;GDAES_D+1;PVB;ES;05/12/2025;05/12/2025;26.92;
04/12/2025;GMAES;PVB;ES;01/01/2026;31/01/2026;26.68;
04/12/2025;GQES_Q+1;PVB;ES;01/01/2026;31/03/2026;26.73;
04/12/2025;GYES_Y+1;PVB;ES;01/01/2026;31/12/2026;26.13;
03/12/2025;GDAES_D+1;PVB;ES;04/12/2025;04/12/2025;28.04;
03/12/2025;GMAES;PVB;ES;01/01/2026;31/01/2026;27.88;
03/12/2025;GQES_Q+1;PVB;ES;01/01/2026;31/03/2026;27.68;
03/12/2025;GYES_Y+1;PVB;ES;01/01/2026;31/12/2026;27.08;
02/12/2025;GDAES_D+1;PVB;ES;03/12/2025;03/12/2025;27.69;
02/12/2025;GMAES;PVB;ES;01/01/2026;31/01/2026;27.73;
02/12/2025;GQES_Q+1;PVB;ES;01/01/2026;31/03/2026;27.48;
02/12/2025;GYES_Y+1;PVB;ES;01/01/2026;31/12/2026;26.88;
01/12/2025;GDAES_D+1;PVB;ES;02/12/2025;02/12/2025;28.15;
01/12/2025;GMAES;PVB;ES;01/01/2026;31/01/2026;27.87;
01/12/2025;GQES_Q+1;PVB;ES;01/01/2026;31/03/2026;27.73;
01/12/2025;GYES_Y+1;PVB;ES;01/01/2026;31/12/2026;26.93;
30/11/2025;GDAES_D+1;PVB;ES;01/12/2025;01/12/2025;28.91;
29/11/2025;GDAES_D+1;PVB;ES;30/11/2025;30/11/2025;29.04;
28/11/2025;GDAES_D+1;PVB;ES;29/11/2025;29/11/2025;28.95;
28/11/2025;GMAES;PVB;ES;01/12/2025;31/12/2025;28.3;
28/11/2025;GQES_Q+1;PVB;ES;01/01/2026;31/03/2026;28.18;
28/11/2025;GYES_Y+1;PVB;ES;01/01/2026;31/12/2026;27.33;
27/11/2025;GDAES_D+1;PVB;ES;28/11/2025;28/11/2025;28.82;
27/11/2025;GMAES;PVB;ES;01/12/2025;31/12/2025;28.7;
27/11/2025;GQES_Q+1;PVB;ES;01/01/2026;31/03/2026;28.67;
27/11/2025;GYES_Y+1;PVB;ES;01/01/2026;31/12/2026;27.73;
26/11/2025;GDAES_D+1;PVB;ES;27/11/2025;27/11/2025;29.12;
26/11/2025;GMAES;PVB;ES;01/12/2025;31/12/2025;28.88;
26/11/2025;GQES_Q+1;PVB;ES;01/01/2026;31/03/2026;28.73;
26/11/2025;GYES_Y+1;PVB;ES;01/01/2026;31/12/2026;27.78;
25/11/2025;GDAES_D+1;PVB;ES;26/11/2025;26/11/2025;29.23;
25/11/2025;GMAES;PVB;ES;01/12/2025;31/12/2025;28.88;
25/11/2025;GQES_Q+1;PVB;ES;01/01/2026;31/03/2026;29.08;
25/11/2025;GYES_Y+1;PVB;ES;01/01/2026;31/12/2026;27.93;
24/11/2025;GDAES_D+1;PVB;ES;25/11/2025;25/11/2025;29.37;
24/11/2025;GMAES;PVB;ES;01/12/2025;31/12/2025;29.28;
24/11/2025;GQES_Q+1;PVB;ES;01/01/2026;31/03/2026;29.33;
24/11/2025;GYES_Y+1;PVB;ES;01/01/2026;31/12/2026;28.28;
23/11/2025;GDAES_D+1;PVB;ES;24/11/2025;24/11/2025;29.83;
22/11/2025;GDAES_D+1;PVB;ES;23/11/2025;23/11/2025;30.2;
21/11/2025;GDAES_D+1;PVB;ES;22/11/2025;22/11/2025;29.78;
21/11/2025;GMAES;PVB;ES;01/12/2025;31/12/2025;29.58;
21/11/2025;GQES_Q+1;PVB;ES;01/01/2026;31/03/2026;29.68;
21/11/2025;GYES_Y+1;PVB;ES;01/01/2026;31/12/2026;28.53;
20/11/2025;GDAES_D+1;PVB;ES;21/11/2025;21/11/2025;30.43;
20/11/2025;GMAES;PVB;ES;01/12/2025;31/12/2025;30.42;
20/11/2025;GQES_Q+1;PVB;ES;01/01/2026;31/03/2026;30.8;
20/11/2025;GYES_Y+1;PVB;ES;01/01/2026;31/12/2026;29.35;
19/11/2025;GDAES_D+1;PVB;ES;20/11/2025;20/11/2025;30.42;
19/11/2025;GMAES;PVB;ES;01/12/2025;31/12/2025;30.3;
19/11/2025;GQES_Q+1;PVB;ES;01/01/2026;31/03/2026;30.43;
19/11/2025;GYES_Y+1;PVB;ES;01/01/2026;31/12/2026;29.23;
18/11/2025;GDAES_D+1;PVB;ES;19/11/2025;19/11/2025;31.08;
18/11/2025;GMAES;PVB;ES;01/12/2025;31/12/2025;30.93;
18/11/2025;GQES_Q+1;PVB;ES;01/01/2026;31/03/2026;31.03;
18/11/2025;GYES_Y+1;PVB;ES;01/01/2026;31/12/2026;29.75;
17/11/2025;GDAES_D+1;PVB;ES;18/11/2025;18/11/2025;30.94;
17/11/2025;GMAES;PVB;ES;01/12/2025;31/12/2025;30.75;
17/11/2025;GQES_Q+1;PVB;ES;01/01/2026;31/03/2026;30.9;
17/11/2025;GYES_Y+1;PVB;ES;01/01/2026;31/12/2026;29.75;
16/11/2025;GDAES_D+1;PVB;ES;17/11/2025;17/11/2025;30.5;
15/11/2025;GDAES_D+1;PVB;ES;16/11/2025;16/11/2025;30.54;
14/11/2025;GDAES_D+1;PVB;ES;15/11/2025;15/11/2025;30.23;
14/11/2025;GMAES;PVB;ES;01/12/2025;31/12/2025;30.42;
14/11/2025;GQES_Q+1;PVB;ES;01/01/2026;31/03/2026;30.48;
14/11/2025;GYES_Y+1;PVB;ES;01/01/2026;31/12/2026;29.48;
13/11/2025;GDAES_D+1;PVB;ES;14/11/2025;14/11/2025;29.42;
13/11/2025;GMAES;PVB;ES;01/12/2025;31/12/2025;29.83;
13/11/2025;GQES_Q+1;PVB;ES;01/01/2026;31/03/2026;29.98;
13/11/2025;GYES_Y+1;PVB;ES;01/01/2026;31/12/2026;29.13;
12/11/2025;GDAES_D+1;PVB;ES;13/11/2025;13/11/2025;29.81;
12/11/2025;GMAES;PVB;ES;01/12/2025;31/12/2025;30.26;
12/11/2025;GQES_Q+1;PVB;ES;01/01/2026;31/03/2026;30.53;
12/11/2025;GYES_Y+1;PVB;ES;01/01/2026;31/12/2026;29.48;
11/11/2025;GDAES_D+1;PVB;ES;12/11/2025;12/11/2025;30.15;
11/11/2025;GMAES;PVB;ES;01/12/2025;31/12/2025;30.49;
11/11/2025;GQES_Q+1;PVB;ES;01/01/2026;31/03/2026;30.7;
11/11/2025;GYES_Y+1;PVB;ES;01/01/2026;31/12/2026;29.75;
10/11/2025;GDAES_D+1;PVB;ES;11/11/2025;11/11/2025;30.23;
10/11/2025;GMAES;PVB;ES;01/12/2025;31/12/2025;30.58;
10/11/2025;GQES_Q+1;PVB;ES;01/01/2026;31/03/2026;30.72;
10/11/2025;GYES_Y+1;PVB;ES;01/01/2026;31/12/2026;29.87;
09/11/2025;GDAES_D+1;PVB;ES;10/11/2025;10/11/2025;30.72;
08/11/2025;GDAES_D+1;PVB;ES;09/11/2025;09/11/2025;30.31;
07/11/2025;GDAES_D+1;PVB;ES;08/11/2025;08/11/2025;30.31;
07/11/2025;GMAES;PVB;ES;01/12/2025;31/12/2025;30.44;
07/11/2025;GQES_Q+1;PVB;ES;01/01/2026;31/03/2026;30.58;
07/11/2025;GYES_Y+1;PVB;ES;01/01/2026;31/12/2026;29.63;
06/11/2025;GDAES_D+1;PVB;ES;07/11/2025;07/11/2025;30.67;
06/11/2025;GMAES;PVB;ES;01/12/2025;31/12/2025;30.95;
06/11/2025;GQES_Q+1;PVB;ES;01/01/2026;31/03/2026;31.13;
06/11/2025;GYES_Y+1;PVB;ES;01/01/2026;31/12/2026;29.93;
05/11/2025;GDAES_D+1;PVB;ES;06/11/2025;06/11/2025;30.83;
05/11/2025;GMAES;PVB;ES;01/12/2025;31/12/2025;30.98;
05/11/2025;GQES_Q+1;PVB;ES;01/01/2026;31/03/2026;31.34;
05/11/2025;GYES_Y+1;PVB;ES;01/01/2026;31/12/2026;30.1;
04/11/2025;GDAES_D+1;PVB;ES;05/11/2025;05/11/2025;31.41;
04/11/2025;GMAES;PVB;ES;01/12/2025;31/12/2025;31.68;
04/11/2025;GQES_Q+1;PVB;ES;01/01/2026;31/03/2026;31.68;
04/11/2025;GYES_Y+1;PVB;ES;01/01/2026;31/12/2026;30.53;
03/11/2025;GDAES_D+1;PVB;ES;04/11/2025;04/11/2025;30.9;
03/11/2025;GMAES;PVB;ES;01/12/2025;31/12/2025;30.93;
03/11/2025;GQES_Q+1;PVB;ES;01/01/2026;31/03/2026;31.08;
03/11/2025;GYES_Y+1;PVB;ES;01/01/2026;31/12/2026;30.03;
02/11/2025;GDAES_D+1;PVB;ES;03/11/2025;03/11/2025;30.64;
01/11/2025;GDAES_D+1;PVB;ES;02/11/2025;02/11/2025;30.43;
31/10/2025;GDAES_D+1;PVB;ES;01/11/2025;01/11/2025;30.17;
31/10/2025;GMAES;PVB;ES;01/11/2025;30/11/2025;30.28;
31/10/2025;GQES_Q+1;PVB;ES;01/01/2026;31/03/2026;30.37;
31/10/2025;GYES_Y+1;PVB;ES;01/01/2026;31/12/2026;29.5;
30/10/2025;GDAES_D+1;PVB;ES;31/10/2025;31/10/2025;30.59;
30/10/2025;GMAES;PVB;ES;01/11/2025;30/11/2025;30.35;
30/10/2025;GQES_Q+1;PVB;ES;01/01/2026;31/03/2026;30.91;
30/10/2025;GYES_Y+1;PVB;ES;01/01/2026;31/12/2026;29.97;
29/10/2025;GDAES_D+1;PVB;ES;30/10/2025;30/10/2025;31.38;
29/10/2025;GMAES;PVB;ES;01/11/2025;30/11/2025;30.89;
29/10/2025;GQES_Q+1;PVB;ES;01/01/2026;31/03/2026;31.28;
29/10/2025;GYES_Y+1;PVB;ES;01/01/2026;31/12/2026;30.18;
28/10/2025;GDAES_D+1;PVB;ES;29/10/2025;29/10/2025;30.97;
28/10/2025;GMAES;PVB;ES;01/11/2025;30/11/2025;30.53;
28/10/2025;GQES_Q+1;PVB;ES;01/01/2026;31/03/2026;31.03;
28/10/2025;GYES_Y+1;PVB;ES;01/01/2026;31/12/2026;29.88;
27/10/2025;GDAES_D+1;PVB;ES;28/10/2025;28/10/2025;30.7;
27/10/2025;GMAES;PVB;ES;01/11/2025;30/11/2025;30.3;
27/10/2025;GQES_Q+1;PVB;ES;01/01/2026;31/03/2026;30.84;
27/10/2025;GYES_Y+1;PVB;ES;01/01/2026;31/12/2026;29.78;
26/10/2025;GDAES_D+1;PVB;ES;27/10/2025;27/10/2025;31.57;
25/10/2025;GDAES_D+1;PVB;ES;26/10/2025;26/10/2025;32.07;
24/10/2025;GDAES_D+1;PVB;ES;25/10/2025;25/10/2025;31.2;
24/10/2025;GMAES;PVB;ES;01/11/2025;30/11/2025;31.13;
24/10/2025;GQES_Q+1;PVB;ES;01/01/2026;31/03/2026;31.6;
24/10/2025;GYES_Y+1;PVB;ES;01/01/2026;31/12/2026;30.38;
23/10/2025;GDAES_D+1;PVB;ES;24/10/2025;24/10/2025;31.64;
23/10/2025;GMAES;PVB;ES;01/11/2025;30/11/2025;31.55;
23/10/2025;GQES_Q+1;PVB;ES;01/01/2026;31/03/2026;31.83;
23/10/2025;GYES_Y+1;PVB;ES;01/01/2026;31/12/2026;30.68;
22/10/2025;GDAES_D+1;PVB;ES;23/10/2025;23/10/2025;30.94;
22/10/2025;GMAES;PVB;ES;01/11/2025;30/11/2025;30.81;
22/10/2025;GQES_Q+1;PVB;ES;01/01/2026;31/03/2026;31.42;
22/10/2025;GYES_Y+1;PVB;ES;01/01/2026;31/12/2026;30.18;
21/10/2025;GDAES_D+1;PVB;ES;22/10/2025;22/10/2025;31.39;
21/10/2025;GMAES;PVB;ES;01/11/2025;30/11/2025;31.18;
21/10/2025;GQES_Q+1;PVB;ES;01/01/2026;31/03/2026;31.68;
21/10/2025;GYES_Y+1;PVB;ES;01/01/2026;31/12/2026;30.45;
20/10/2025;GDAES_D+1;PVB;ES;21/10/2025;21/10/2025;30.83;
20/10/2025;GMAES;PVB;ES;01/11/2025;30/11/2025;30.58;
20/10/2025;GQES_Q+1;PVB;ES;01/01/2026;31/03/2026;31.04;
20/10/2025;GYES_Y+1;PVB;ES;01/01/2026;31/12/2026;29.93;
19/10/2025;GDAES_D+1;PVB;ES;20/10/2025;20/10/2025;31.22;
18/10/2025;GDAES_D+1;PVB;ES;19/10/2025;19/10/2025;31.1;
17/10/2025;GDAES_D+1;PVB;ES;18/10/2025;18/10/2025;31.39;
17/10/2025;GMAES;PVB;ES;01/11/2025;30/11/2025;31.03;
17/10/2025;GQES_Q+1;PVB;ES;01/01/2026;31/03/2026;31.38;
17/10/2025;GYES_Y+1;PVB;ES;01/01/2026;31/12/2026;29.97;
16/10/2025;GDAES_D+1;PVB;ES;17/10/2025;17/10/2025;31.68;
16/10/2025;GMAES;PVB;ES;01/11/2025;30/11/2025;31.66;
16/10/2025;GQES_Q+1;PVB;ES;01/01/2026;31/03/2026;31.68;
16/10/2025;GYES_Y+1;PVB;ES;01/01/2026;31/12/2026;30.28;
15/10/2025;GDAES_D+1;PVB;ES;16/10/2025;16/10/2025;31.15;
15/10/2025;GMAES;PVB;ES;01/11/2025;30/11/2025;30.94;
15/10/2025;GQES_Q+1;PVB;ES;01/01/2026;31/03/2026;31.38;
15/10/2025;GYES_Y+1;PVB;ES;01/01/2026;31/12/2026;30.2;
14/10/2025;GDAES_D+1;PVB;ES;15/10/2025;15/10/2025;30.92;
14/10/2025;GMAES;PVB;ES;01/11/2025;30/11/2025;30.93;
14/10/2025;GQES_Q+1;PVB;ES;01/01/2026;31/03/2026;31.49;
14/10/2025;GYES_Y+1;PVB;ES;01/01/2026;31/12/2026;30.34;
13/10/2025;GDAES_D+1;PVB;ES;14/10/2025;14/10/2025;30.64;
13/10/2025;GMAES;PVB;ES;01/11/2025;30/11/2025;30.58;
13/10/2025;GQES_Q+1;PVB;ES;01/01/2026;31/03/2026;31.13;
13/10/2025;GYES_Y+1;PVB;ES;01/01/2026;31/12/2026;29.98;
12/10/2025;GDAES_D+1;PVB;ES;13/10/2025;13/10/2025;31.17;
11/10/2025;GDAES_D+1;PVB;ES;12/10/2025;12/10/2025;31.01;
10/10/2025;GDAES_D+1;PVB;ES;11/10/2025;11/10/2025;31.09;
10/10/2025;GMAES;PVB;ES;01/11/2025;30/11/2025;31.09;
10/10/2025;GQES_Q+1;PVB;ES;01/01/2026;31/03/2026;31.6;
10/10/2025;GYES_Y+1;PVB;ES;01/01/2026;31/12/2026;30.54;
09/10/2025;GDAES_D+1;PVB;ES;10/10/2025;10/10/2025;31.4;
09/10/2025;GMAES;PVB;ES;01/11/2025;30/11/2025;31.54;
09/10/2025;GQES_Q+1;PVB;ES;01/01/2026;31/03/2026;31.95;
09/10/2025;GYES_Y+1;PVB;ES;01/01/2026;31/12/2026;30.63;
08/10/2025;GDAES_D+1;PVB;ES;09/10/2025;09/10/2025;31.73;
08/10/2025;GMAES;PVB;ES;01/11/2025;30/11/2025;31.7;
08/10/2025;GQES_Q+1;PVB;ES;01/01/2026;31/03/2026;32.03;
08/10/2025;GYES_Y+1;PVB;ES;01/01/2026;31/12/2026;30.93;
07/10/2025;GDAES_D+1;PVB;ES;08/10/2025;08/10/2025;32.38;
07/10/2025;GMAES;PVB;ES;01/11/2025;30/11/2025;32.23;
07/10/2025;GQES_Q+1;PVB;ES;01/01/2026;31/03/2026;32.73;
07/10/2025;GYES_Y+1;PVB;ES;01/01/2026;31/12/2026;31.38;
06/10/2025;GDAES_D+1;PVB;ES;07/10/2025;07/10/2025;32.31;
06/10/2025;GMAES;PVB;ES;01/11/2025;30/11/2025;32.4;
06/10/2025;GQES_Q+1;PVB;ES;01/01/2026;31/03/2026;32.63;
06/10/2025;GYES_Y+1;PVB;ES;01/01/2026;31/12/2026;31.23;
05/10/2025;GDAES_D+1;PVB;ES;06/10/2025;06/10/2025;31.99;
04/10/2025;GDAES_D+1;PVB;ES;05/10/2025;05/10/2025;31.23;
03/10/2025;GDAES_D+1;PVB;ES;04/10/2025;04/10/2025;30.24;
03/10/2025;GMAES;PVB;ES;01/11/2025;30/11/2025;30.43;
03/10/2025;GQES_Q+1;PVB;ES;01/01/2026;31/03/2026;31.35;
03/10/2025;GYES_Y+1;PVB;ES;01/01/2026;31/12/2026;30.15;
02/10/2025;GDAES_D+1;PVB;ES;03/10/2025;03/10/2025;30.34;
02/10/2025;GMAES;PVB;ES;01/11/2025;30/11/2025;30.4;
02/10/2025;GQES_Q+1;PVB;ES;01/01/2026;31/03/2026;31.08;
02/10/2025;GYES_Y+1;PVB;ES;01/01/2026;31/12/2026;30.1;
01/10/2025;GDAES_D+1;PVB;ES;02/10/2025;02/10/2025;30.82;
01/10/2025;GMAES;PVB;ES;01/11/2025;30/11/2025;30.6;
01/10/2025;GQES_Q+1;PVB;ES;01/01/2026;31/03/2026;31.28;
01/10/2025;GYES_Y+1;PVB;ES;01/01/2026;31/12/2026;30.33;
30/09/2025;GDAES_D+1;PVB;ES;01/10/2025;01/10/2025;30.83;
30/09/2025;GMAES;PVB;ES;01/10/2025;31/10/2025;30.9;
30/09/2025;GYES_Y+1;PVB;ES;01/01/2026;31/12/2026;30.8;
29/09/2025;GDAES_D+1;PVB;ES;30/09/2025;30/09/2025;31.72;
29/09/2025;GMAES;PVB;ES;01/10/2025;31/10/2025;31.41;
29/09/2025;GQES_Q+1;PVB;ES;01/10/2025;31/12/2025;31.78;
29/09/2025;GYES_Y+1;PVB;ES;01/01/2026;31/12/2026;31;
28/09/2025;GDAES_D+1;PVB;ES;29/09/2025;29/09/2025;32.1;
27/09/2025;GDAES_D+1;PVB;ES;28/09/2025;28/09/2025;31.98;
26/09/2025;GDAES_D+1;PVB;ES;27/09/2025;27/09/2025;32.14;
26/09/2025;GMAES;PVB;ES;01/10/2025;31/10/2025;31.83;
26/09/2025;GQES_Q+1;PVB;ES;01/10/2025;31/12/2025;32.28;
26/09/2025;GYES_Y+1;PVB;ES;01/01/2026;31/12/2026;31.45;
25/09/2025;GDAES_D+1;PVB;ES;26/09/2025;26/09/2025;31.99;
25/09/2025;GMAES;PVB;ES;01/10/2025;31/10/2025;31.83;
25/09/2025;GQES_Q+1;PVB;ES;01/10/2025;31/12/2025;32.15;
25/09/2025;GYES_Y+1;PVB;ES;01/01/2026;31/12/2026;31.35;
24/09/2025;GDAES_D+1;PVB;ES;25/09/2025;25/09/2025;31.49;
24/09/2025;GMAES;PVB;ES;01/10/2025;31/10/2025;31.25;
24/09/2025;GQES_Q+1;PVB;ES;01/10/2025;31/12/2025;31.73;
24/09/2025;GYES_Y+1;PVB;ES;01/01/2026;31/12/2026;31.29;
23/09/2025;GDAES_D+1;PVB;ES;24/09/2025;24/09/2025;31.87;
23/09/2025;GMAES;PVB;ES;01/10/2025;31/10/2025;31.73;
23/09/2025;GQES_Q+1;PVB;ES;01/10/2025;31/12/2025;31.98;
23/09/2025;GYES_Y+1;PVB;ES;01/01/2026;31/12/2026;31.28;
22/09/2025;GDAES_D+1;PVB;ES;23/09/2025;23/09/2025;31.5;
22/09/2025;GMAES;PVB;ES;01/10/2025;31/10/2025;31.09;
22/09/2025;GQES_Q+1;PVB;ES;01/10/2025;31/12/2025;31.6;
22/09/2025;GYES_Y+1;PVB;ES;01/01/2026;31/12/2026;31.03;
21/09/2025;GDAES_D+1;PVB;ES;22/09/2025;22/09/2025;31.96;
20/09/2025;GDAES_D+1;PVB;ES;21/09/2025;21/09/2025;32.05;
19/09/2025;GDAES_D+1;PVB;ES;20/09/2025;20/09/2025;31.92;
19/09/2025;GMAES;PVB;ES;01/10/2025;31/10/2025;31.43;
19/09/2025;GQES_Q+1;PVB;ES;01/10/2025;31/12/2025;31.98;
19/09/2025;GYES_Y+1;PVB;ES;01/01/2026;31/12/2026;31.33;
18/09/2025;GDAES_D+1;PVB;ES;19/09/2025;19/09/2025;32.47;
18/09/2025;GMAES;PVB;ES;01/10/2025;31/10/2025;32.2;
18/09/2025;GQES_Q+1;PVB;ES;01/10/2025;31/12/2025;32.86;
18/09/2025;GYES_Y+1;PVB;ES;01/01/2026;31/12/2026;31.73;
17/09/2025;GDAES_D+1;PVB;ES;18/09/2025;18/09/2025;31.95;
17/09/2025;GMAES;PVB;ES;01/10/2025;31/10/2025;31.83;
17/09/2025;GQES_Q+1;PVB;ES;01/10/2025;31/12/2025;32.46;
17/09/2025;GYES_Y+1;PVB;ES;01/01/2026;31/12/2026;31.48;
16/09/2025;GDAES_D+1;PVB;ES;17/09/2025;17/09/2025;31.78;
16/09/2025;GMAES;PVB;ES;01/10/2025;31/10/2025;31.61;
16/09/2025;GQES_Q+1;PVB;ES;01/10/2025;31/12/2025;32.3;
16/09/2025;GYES_Y+1;PVB;ES;01/01/2026;31/12/2026;31.38;
15/09/2025;GDAES_D+1;PVB;ES;16/09/2025;16/09/2025;31.53;
15/09/2025;GMAES;PVB;ES;01/10/2025;31/10/2025;31.54;
15/09/2025;GQES_Q+1;PVB;ES;01/10/2025;31/12/2025;32.13;
15/09/2025;GYES_Y+1;PVB;ES;01/01/2026;31/12/2026;31.08;
14/09/2025;GDAES_D+1;PVB;ES;15/09/2025;15/09/2025;32.18;
13/09/2025;GDAES_D+1;PVB;ES;14/09/2025;14/09/2025;32.23;
12/09/2025;GDAES_D+1;PVB;ES;13/09/2025;13/09/2025;32.27;
12/09/2025;GMAES;PVB;ES;01/10/2025;31/10/2025;32.03;
12/09/2025;GQES_Q+1;PVB;ES;01/10/2025;31/12/2025;32.66;
12/09/2025;GYES_Y+1;PVB;ES;01/01/2026;31/12/2026;31.48;
11/09/2025;GDAES_D+1;PVB;ES;12/09/2025;12/09/2025;31.75;
11/09/2025;GMAES;PVB;ES;01/10/2025;31/10/2025;31.59;
11/09/2025;GQES_Q+1;PVB;ES;01/10/2025;31/12/2025;32.69;
11/09/2025;GYES_Y+1;PVB;ES;01/01/2026;31/12/2026;32.03;
10/09/2025;GDAES_D+1;PVB;ES;11/09/2025;11/09/2025;32.7;
10/09/2025;GMAES;PVB;ES;01/10/2025;31/10/2025;32.43;
10/09/2025;GQES_Q+1;PVB;ES;01/10/2025;31/12/2025;32.94;
10/09/2025;GYES_Y+1;PVB;ES;01/01/2026;31/12/2026;31.95;
09/09/2025;GDAES_D+1;PVB;ES;10/09/2025;10/09/2025;32.58;
09/09/2025;GMAES;PVB;ES;01/10/2025;31/10/2025;32.28;
09/09/2025;GQES_Q+1;PVB;ES;01/10/2025;31/12/2025;32.8;
09/09/2025;GYES_Y+1;PVB;ES;01/01/2026;31/12/2026;31.63;
08/09/2025;GDAES_D+1;PVB;ES;09/09/2025;09/09/2025;32.47;
08/09/2025;GMAES;PVB;ES;01/10/2025;31/10/2025;32.28;
08/09/2025;GQES_Q+1;PVB;ES;01/10/2025;31/12/2025;32.78;
08/09/2025;GYES_Y+1;PVB;ES;01/01/2026;31/12/2026;31.53;
07/09/2025;GDAES_D+1;PVB;ES;08/09/2025;08/09/2025;31.19;
06/09/2025;GDAES_D+1;PVB;ES;07/09/2025;07/09/2025;31.4;
05/09/2025;GDAES_D+1;PVB;ES;06/09/2025;06/09/2025;31.36;
05/09/2025;GMAES;PVB;ES;01/10/2025;31/10/2025;31.08;
05/09/2025;GQES_Q+1;PVB;ES;01/10/2025;31/12/2025;31.98;
05/09/2025;GYES_Y+1;PVB;ES;01/01/2026;31/12/2026;31.13;
04/09/2025;GDAES_D+1;PVB;ES;05/09/2025;05/09/2025;31.82;
04/09/2025;GMAES;PVB;ES;01/10/2025;31/10/2025;31.68;
04/09/2025;GQES_Q+1;PVB;ES;01/10/2025;31/12/2025;32.37;
04/09/2025;GYES_Y+1;PVB;ES;01/01/2026;31/12/2026;31.43;
03/09/2025;GDAES_D+1;PVB;ES;04/09/2025;04/09/2025;31.19;
03/09/2025;GMAES;PVB;ES;01/10/2025;31/10/2025;31.28;
03/09/2025;GQES_Q+1;PVB;ES;01/10/2025;31/12/2025;32.02;
03/09/2025;GYES_Y+1;PVB;ES;01/01/2026;31/12/2026;31.03;
02/09/2025;GDAES_D+1;PVB;ES;03/09/2025;03/09/2025;31.22;
02/09/2025;GMAES;PVB;ES;01/10/2025;31/10/2025;31.08;
02/09/2025;GQES_Q+1;PVB;ES;01/10/2025;31/12/2025;31.8;
02/09/2025;GYES_Y+1;PVB;ES;01/01/2026;31/12/2026;30.98;
01/09/2025;GDAES_D+1;PVB;ES;02/09/2025;02/09/2025;31.59;
01/09/2025;GMAES;PVB;ES;01/10/2025;31/10/2025;31.33;
01/09/2025;GQES_Q+1;PVB;ES;01/10/2025;31/12/2025;32.1;
01/09/2025;GYES_Y+1;PVB;ES;01/01/2026;31/12/2026;31.08;
